<?xml version="1.0"?>
<overlay>
<dimensions id="99" width="320" height="200" depth="100" channels="2" ext=".jpg" lateral_resolution="0.12814179658643068" axial_resolution="1.0" unit="micron"></dimensions>
<controls id="98" isPlayable="1" isPlaying="1" FPS="40" overlaid="1" magnifyable="1" mag_size="30" resizable="0"></controls>
<channel type="12" id="0" clor="65353" strt="0" len="100" x="6" y="3" channel_no="1">oskMS2-GFP
</channel>
<channel type="12" id="1" clor="16776960" strt="0" len="100" x="86" y="3" channel_no="2">3xFIT
</channel>
<time type="11" id="2" clor="16645629" strt="0" len="100" x="233" y="3" unit="s
" inc="0.611">0.0</time>
<line type="1" id="3" clor="16645629" strt="0" len="100" x0="238" y0="187" x1="276" y1="187"></line>
<polygon type="4" id="26" clor="16645629" strt="0" len="100" n="7">
<p>9,14</p>
<p>102,10</p>
<p>159,9</p>
<p>209,17</p>
<p>260,38</p>
<p>299,73</p>
<p>318,119</p>
</polygon>
<text type="10" id="27" clor="16645629" strt="0" len="100" x="90" y="125">oocyte
</text>
<path type="0" id="0" clor="65535" strt="0" len="40" mdl="20">
<p>180,70</p>
<p>181,70</p>
<p>182,70</p>
<p>182,71</p>
<p>182,70</p>
<p>181,70</p>
<p>180,70</p>
<p>181,70</p>
<p>180,70</p>
<p>180,70</p>
<p>180,69</p>
<p>181,70</p>
<p>181,71</p>
<p>182,72</p>
<p>182,73</p>
<p>183,73</p>
<p>183,72</p>
<p>183,73</p>
<p>183,73</p>
<p>183,72</p>
<p>183,72</p>
<p>183,71</p>
<p>183,72</p>
<p>183,72</p>
<p>184,72</p>
<p>185,74</p>
<p>184,74</p>
<p>184,72</p>
<p>184,73</p>
<p>185,74</p>
<p>186,75</p>
<p>186,74</p>
<p>185,73</p>
<p>185,74</p>
<p>186,73</p>
<p>187,75</p>
<p>190,77</p>
<p>191,78</p>
<p>192,79</p>
<p>193,80</p>
</path>
<path type="0" id="1" clor="16711935" strt="28" len="10" mdl="20">
<p>237,49</p>
<p>236,56</p>
<p>236,59</p>
<p>237,60</p>
<p>236,60</p>
<p>236,62</p>
<p>237,63</p>
<p>236,62</p>
<p>235,65</p>
<p>235,66</p>
</path>
<path type="0" id="2" clor="16776960" strt="39" len="3" mdl="20">
<p>235,67</p>
<p>236,65</p>
<p>238,64</p>
</path>
<path type="0" id="3" clor="65535" strt="20" len="7" mdl="20">
<p>219,40</p>
<p>220,39</p>
<p>220,40</p>
<p>219,40</p>
<p>220,41</p>
<p>220,41</p>
<p>220,44</p>
</path>
<path type="0" id="4" clor="65535" strt="52" len="9" mdl="20">
<p>222,41</p>
<p>222,43</p>
<p>221,43</p>
<p>221,45</p>
<p>222,45</p>
<p>223,48</p>
<p>224,50</p>
<p>224,49</p>
<p>225,49</p>
</path>
<path type="0" id="5" clor="65535" strt="44" len="7" mdl="20">
<p>224,49</p>
<p>224,51</p>
<p>226,54</p>
<p>226,56</p>
<p>230,59</p>
<p>231,61</p>
<p>232,62</p>
</path>
<path type="0" id="6" clor="16711680" strt="63" len="21" mdl="20">
<p>184,23</p>
<p>184,23</p>
<p>184,24</p>
<p>185,23</p>
<p>184,24</p>
<p>184,23</p>
<p>183,23</p>
<p>182,22</p>
<p>183,22</p>
<p>183,22</p>
<p>182,22</p>
<p>182,22</p>
<p>182,22</p>
<p>181,22</p>
<p>181,22</p>
<p>181,23</p>
<p>182,23</p>
<p>181,22</p>
<p>182,22</p>
<p>182,22</p>
<p>179,21</p>
</path>
<path type="0" id="7" clor="16711680" strt="90" len="6" mdl="20">
<p>229,51</p>
<p>228,50</p>
<p>228,46</p>
<p>229,45</p>
<p>228,43</p>
<p>229,44</p>
</path>
<path type="0" id="8" clor="16776960" strt="45" len="11" mdl="20">
<p>228,47</p>
<p>228,48</p>
<p>230,45</p>
<p>230,45</p>
<p>231,43</p>
<p>231,41</p>
<p>232,40</p>
<p>233,37</p>
<p>233,35</p>
<p>236,33</p>
<p>239,33</p>
</path>
<path type="0" id="9" clor="16711935" strt="3" len="11" mdl="20">
<p>130,20</p>
<p>129,19</p>
<p>127,21</p>
<p>127,20</p>
<p>126,21</p>
<p>125,21</p>
<p>124,22</p>
<p>127,21</p>
<p>125,21</p>
<p>126,19</p>
<p>126,21</p>
</path>
<path type="0" id="10" clor="16711680" strt="30" len="7" mdl="20">
<p>148,45</p>
<p>147,45</p>
<p>146,44</p>
<p>145,41</p>
<p>144,40</p>
<p>143,38</p>
<p>142,38</p>
</path>
<ellipse type="6" id="0" clor="65280" strt="0" len="1" x="180" y="70" wdth="2" heght="2"></ellipse>
<ellipse type="6" id="0" clor="65280" strt="1" len="1" x="181" y="70" wdth="4" heght="4"></ellipse>
<ellipse type="6" id="0" clor="65280" strt="2" len="1" x="182" y="70" wdth="5" heght="5"></ellipse>
<ellipse type="6" id="0" clor="65280" strt="3" len="1" x="182" y="71" wdth="4" heght="4"></ellipse>
<ellipse type="6" id="0" clor="65280" strt="4" len="1" x="182" y="70" wdth="4" heght="4"></ellipse>
<ellipse type="6" id="0" clor="65280" strt="5" len="1" x="181" y="70" wdth="4" heght="4"></ellipse>
<ellipse type="6" id="0" clor="65280" strt="6" len="1" x="180" y="70" wdth="4" heght="4"></ellipse>
<ellipse type="6" id="0" clor="65280" strt="7" len="1" x="181" y="70" wdth="4" heght="4"></ellipse>
<ellipse type="6" id="0" clor="65280" strt="8" len="1" x="180" y="70" wdth="4" heght="4"></ellipse>
<ellipse type="6" id="0" clor="65280" strt="9" len="1" x="180" y="70" wdth="5" heght="5"></ellipse>
<ellipse type="6" id="0" clor="65280" strt="10" len="1" x="180" y="69" wdth="4" heght="4"></ellipse>
<ellipse type="6" id="0" clor="65280" strt="11" len="1" x="181" y="70" wdth="5" heght="5"></ellipse>
<ellipse type="6" id="0" clor="65280" strt="12" len="1" x="181" y="71" wdth="4" heght="4"></ellipse>
<ellipse type="6" id="0" clor="65280" strt="13" len="1" x="182" y="72" wdth="5" heght="5"></ellipse>
<ellipse type="6" id="0" clor="65280" strt="14" len="1" x="182" y="73" wdth="5" heght="5"></ellipse>
<ellipse type="6" id="0" clor="65280" strt="15" len="1" x="183" y="73" wdth="5" heght="5"></ellipse>
<ellipse type="6" id="0" clor="65280" strt="16" len="1" x="183" y="72" wdth="4" heght="4"></ellipse>
<ellipse type="6" id="0" clor="65280" strt="17" len="1" x="183" y="73" wdth="5" heght="5"></ellipse>
<ellipse type="6" id="0" clor="65280" strt="18" len="1" x="183" y="73" wdth="4" heght="4"></ellipse>
<ellipse type="6" id="0" clor="65280" strt="19" len="1" x="183" y="72" wdth="4" heght="4"></ellipse>
<ellipse type="6" id="0" clor="65280" strt="20" len="1" x="183" y="72" wdth="4" heght="4"></ellipse>
<ellipse type="6" id="0" clor="65280" strt="21" len="1" x="183" y="71" wdth="5" heght="5"></ellipse>
<polygon type="5" id="0" clor="65280" strt="22" len="1" n="24">
<p>181,69</p>
<p>182,69</p>
<p>183,69</p>
<p>184,69</p>
<p>185,70</p>
<p>186,71</p>
<p>186,72</p>
<p>185,73</p>
<p>185,74</p>
<p>186,75</p>
<p>185,76</p>
<p>184,76</p>
<p>184,75</p>
<p>183,75</p>
<p>182,76</p>
<p>183,77</p>
<p>182,78</p>
<p>181,77</p>
<p>180,76</p>
<p>181,75</p>
<p>180,74</p>
<p>179,73</p>
<p>179,72</p>
<p>179,71</p>
</polygon>
<ellipse type="6" id="0" clor="65280" strt="23" len="1" x="183" y="72" wdth="5" heght="5"></ellipse>
<ellipse type="6" id="0" clor="65280" strt="24" len="1" x="184" y="72" wdth="5" heght="5"></ellipse>
<ellipse type="6" id="0" clor="65280" strt="25" len="1" x="185" y="74" wdth="4" heght="4"></ellipse>
<ellipse type="6" id="0" clor="65280" strt="26" len="1" x="184" y="74" wdth="5" heght="5"></ellipse>
<ellipse type="6" id="0" clor="65280" strt="27" len="1" x="184" y="72" wdth="5" heght="5"></ellipse>
<ellipse type="6" id="0" clor="65280" strt="28" len="1" x="184" y="73" wdth="3" heght="3"></ellipse>
<polygon type="5" id="0" clor="65280" strt="29" len="1" n="23">
<p>183,70</p>
<p>184,71</p>
<p>185,71</p>
<p>186,72</p>
<p>187,71</p>
<p>188,72</p>
<p>188,73</p>
<p>188,74</p>
<p>188,75</p>
<p>189,75</p>
<p>190,76</p>
<p>189,77</p>
<p>188,77</p>
<p>187,77</p>
<p>186,77</p>
<p>185,78</p>
<p>184,77</p>
<p>183,77</p>
<p>183,76</p>
<p>182,75</p>
<p>182,74</p>
<p>181,73</p>
<p>182,72</p>
</polygon>
<ellipse type="6" id="0" clor="65280" strt="30" len="1" x="186" y="75" wdth="5" heght="5"></ellipse>
<ellipse type="6" id="0" clor="65280" strt="31" len="1" x="186" y="74" wdth="4" heght="4"></ellipse>
<ellipse type="6" id="0" clor="65280" strt="32" len="1" x="185" y="73" wdth="5" heght="5"></ellipse>
<ellipse type="6" id="0" clor="65280" strt="33" len="1" x="185" y="74" wdth="4" heght="4"></ellipse>
<ellipse type="6" id="0" clor="65280" strt="34" len="1" x="186" y="73" wdth="4" heght="4"></ellipse>
<ellipse type="6" id="0" clor="65280" strt="35" len="1" x="187" y="75" wdth="4" heght="4"></ellipse>
<ellipse type="6" id="0" clor="65280" strt="36" len="1" x="190" y="77" wdth="3" heght="3"></ellipse>
<ellipse type="6" id="0" clor="65280" strt="37" len="1" x="191" y="78" wdth="4" heght="4"></ellipse>
<ellipse type="6" id="0" clor="65280" strt="38" len="1" x="192" y="79" wdth="5" heght="5"></ellipse>
<ellipse type="6" id="0" clor="65280" strt="39" len="1" x="193" y="80" wdth="4" heght="4"></ellipse>
<polygon type="5" id="1" clor="65280" strt="28" len="1" n="30">
<p>237,44</p>
<p>238,45</p>
<p>239,44</p>
<p>240,45</p>
<p>239,46</p>
<p>239,47</p>
<p>240,47</p>
<p>241,47</p>
<p>242,48</p>
<p>241,49</p>
<p>240,49</p>
<p>239,49</p>
<p>239,50</p>
<p>238,50</p>
<p>238,51</p>
<p>239,52</p>
<p>238,53</p>
<p>238,54</p>
<p>237,55</p>
<p>236,54</p>
<p>236,53</p>
<p>235,52</p>
<p>234,52</p>
<p>233,51</p>
<p>233,50</p>
<p>234,49</p>
<p>233,48</p>
<p>233,47</p>
<p>234,46</p>
<p>235,46</p>
</polygon>
<ellipse type="6" id="1" clor="65280" strt="29" len="1" x="236" y="56" wdth="5" heght="5"></ellipse>
<ellipse type="6" id="1" clor="65280" strt="30" len="1" x="236" y="59" wdth="4" heght="4"></ellipse>
<ellipse type="6" id="1" clor="65280" strt="31" len="1" x="237" y="60" wdth="5" heght="5"></ellipse>
<ellipse type="6" id="1" clor="65280" strt="32" len="1" x="236" y="60" wdth="4" heght="4"></ellipse>
<ellipse type="6" id="1" clor="65280" strt="33" len="1" x="236" y="62" wdth="4" heght="4"></ellipse>
<ellipse type="6" id="1" clor="65280" strt="34" len="1" x="237" y="63" wdth="5" heght="5"></ellipse>
<ellipse type="6" id="1" clor="65280" strt="35" len="1" x="236" y="62" wdth="5" heght="5"></ellipse>
<ellipse type="6" id="1" clor="65280" strt="36" len="1" x="235" y="65" wdth="4" heght="4"></ellipse>
<ellipse type="6" id="1" clor="65280" strt="37" len="1" x="235" y="66" wdth="4" heght="4"></ellipse>
<ellipse type="6" id="2" clor="65280" strt="39" len="1" x="235" y="67" wdth="4" heght="4"></ellipse>
<ellipse type="6" id="2" clor="65280" strt="40" len="1" x="236" y="65" wdth="4" heght="4"></ellipse>
<ellipse type="6" id="2" clor="65280" strt="41" len="1" x="238" y="64" wdth="2" heght="2"></ellipse>
<polygon type="5" id="3" clor="65280" strt="20" len="1" n="26">
<p>218,36</p>
<p>219,36</p>
<p>220,37</p>
<p>221,37</p>
<p>222,37</p>
<p>223,36</p>
<p>224,37</p>
<p>224,38</p>
<p>224,39</p>
<p>225,40</p>
<p>226,41</p>
<p>225,42</p>
<p>224,41</p>
<p>223,41</p>
<p>222,40</p>
<p>221,40</p>
<p>221,41</p>
<p>220,42</p>
<p>219,43</p>
<p>218,43</p>
<p>217,42</p>
<p>216,42</p>
<p>215,41</p>
<p>215,40</p>
<p>216,39</p>
<p>216,38</p>
</polygon>
<ellipse type="6" id="3" clor="65280" strt="21" len="1" x="220" y="39" wdth="5" heght="5"></ellipse>
<ellipse type="6" id="3" clor="65280" strt="22" len="1" x="220" y="40" wdth="5" heght="5"></ellipse>
<polygon type="5" id="3" clor="65280" strt="23" len="1" n="23">
<p>216,37</p>
<p>217,38</p>
<p>217,39</p>
<p>217,38</p>
<p>218,37</p>
<p>219,38</p>
<p>220,37</p>
<p>221,37</p>
<p>222,38</p>
<p>223,39</p>
<p>224,40</p>
<p>223,41</p>
<p>222,42</p>
<p>222,43</p>
<p>221,44</p>
<p>220,43</p>
<p>219,43</p>
<p>218,43</p>
<p>217,43</p>
<p>216,42</p>
<p>215,41</p>
<p>215,40</p>
<p>214,39</p>
</polygon>
<polygon type="5" id="3" clor="65280" strt="24" len="1" n="43">
<p>219,35</p>
<p>220,35</p>
<p>221,36</p>
<p>221,37</p>
<p>222,37</p>
<p>223,37</p>
<p>224,38</p>
<p>225,37</p>
<p>226,38</p>
<p>225,39</p>
<p>226,40</p>
<p>225,41</p>
<p>224,40</p>
<p>223,41</p>
<p>223,42</p>
<p>223,43</p>
<p>224,44</p>
<p>225,45</p>
<p>225,46</p>
<p>226,47</p>
<p>225,48</p>
<p>224,48</p>
<p>223,47</p>
<p>222,46</p>
<p>221,46</p>
<p>220,45</p>
<p>219,45</p>
<p>218,44</p>
<p>217,44</p>
<p>216,45</p>
<p>215,44</p>
<p>215,43</p>
<p>216,42</p>
<p>216,41</p>
<p>215,40</p>
<p>216,39</p>
<p>217,39</p>
<p>218,39</p>
<p>217,38</p>
<p>216,38</p>
<p>215,37</p>
<p>216,36</p>
<p>217,36</p>
</polygon>
<polygon type="5" id="3" clor="65280" strt="25" len="1" n="34">
<p>219,35</p>
<p>220,36</p>
<p>221,37</p>
<p>222,36</p>
<p>223,37</p>
<p>224,38</p>
<p>225,39</p>
<p>224,40</p>
<p>223,41</p>
<p>223,42</p>
<p>222,42</p>
<p>222,43</p>
<p>223,44</p>
<p>223,45</p>
<p>223,46</p>
<p>223,47</p>
<p>222,48</p>
<p>221,47</p>
<p>221,46</p>
<p>220,46</p>
<p>220,45</p>
<p>219,45</p>
<p>218,44</p>
<p>218,43</p>
<p>217,43</p>
<p>216,42</p>
<p>215,43</p>
<p>214,42</p>
<p>214,41</p>
<p>215,40</p>
<p>216,40</p>
<p>216,39</p>
<p>216,38</p>
<p>217,37</p>
</polygon>
<ellipse type="6" id="3" clor="65280" strt="26" len="1" x="220" y="44" wdth="5" heght="5"></ellipse>
<ellipse type="6" id="4" clor="65280" strt="52" len="1" x="222" y="41" wdth="5" heght="5"></ellipse>
<ellipse type="6" id="4" clor="65280" strt="53" len="1" x="222" y="43" wdth="5" heght="5"></ellipse>
<ellipse type="6" id="4" clor="65280" strt="54" len="1" x="221" y="43" wdth="5" heght="5"></ellipse>
<ellipse type="6" id="4" clor="65280" strt="55" len="1" x="221" y="45" wdth="5" heght="5"></ellipse>
<polygon type="5" id="4" clor="65280" strt="56" len="1" n="26">
<p>226,41</p>
<p>227,42</p>
<p>226,43</p>
<p>226,44</p>
<p>225,45</p>
<p>225,46</p>
<p>225,47</p>
<p>226,48</p>
<p>225,49</p>
<p>224,50</p>
<p>223,49</p>
<p>222,50</p>
<p>221,49</p>
<p>221,48</p>
<p>220,48</p>
<p>219,47</p>
<p>219,46</p>
<p>218,45</p>
<p>217,44</p>
<p>218,43</p>
<p>219,42</p>
<p>220,43</p>
<p>221,42</p>
<p>222,42</p>
<p>223,42</p>
<p>224,42</p>
</polygon>
<ellipse type="6" id="4" clor="65280" strt="57" len="1" x="223" y="48" wdth="5" heght="5"></ellipse>
<ellipse type="6" id="4" clor="65280" strt="58" len="1" x="224" y="50" wdth="4" heght="4"></ellipse>
<ellipse type="6" id="4" clor="65280" strt="59" len="1" x="224" y="49" wdth="4" heght="4"></ellipse>
<ellipse type="6" id="4" clor="65280" strt="60" len="1" x="225" y="49" wdth="4" heght="4"></ellipse>
<ellipse type="6" id="5" clor="65280" strt="44" len="1" x="224" y="49" wdth="4" heght="4"></ellipse>
<ellipse type="6" id="5" clor="65280" strt="45" len="1" x="224" y="51" wdth="4" heght="4"></ellipse>
<ellipse type="6" id="5" clor="65280" strt="46" len="1" x="226" y="54" wdth="5" heght="5"></ellipse>
<ellipse type="6" id="5" clor="65280" strt="47" len="1" x="226" y="56" wdth="4" heght="4"></ellipse>
<ellipse type="6" id="5" clor="65280" strt="48" len="1" x="230" y="59" wdth="4" heght="4"></ellipse>
<ellipse type="6" id="5" clor="65280" strt="49" len="1" x="231" y="61" wdth="2" heght="2"></ellipse>
<ellipse type="6" id="5" clor="65280" strt="50" len="1" x="232" y="62" wdth="4" heght="4"></ellipse>
<polygon type="5" id="6" clor="65280" strt="63" len="1" n="32">
<p>183,18</p>
<p>184,19</p>
<p>185,19</p>
<p>186,20</p>
<p>187,19</p>
<p>188,19</p>
<p>189,19</p>
<p>190,20</p>
<p>189,21</p>
<p>188,21</p>
<p>187,21</p>
<p>187,22</p>
<p>187,23</p>
<p>188,24</p>
<p>189,24</p>
<p>190,25</p>
<p>189,26</p>
<p>188,27</p>
<p>187,28</p>
<p>186,28</p>
<p>185,28</p>
<p>184,29</p>
<p>183,28</p>
<p>183,27</p>
<p>182,26</p>
<p>181,25</p>
<p>181,24</p>
<p>181,23</p>
<p>181,22</p>
<p>181,21</p>
<p>180,20</p>
<p>181,19</p>
</polygon>
<polygon type="5" id="6" clor="65280" strt="64" len="1" n="20">
<p>181,20</p>
<p>182,21</p>
<p>183,20</p>
<p>184,20</p>
<p>185,21</p>
<p>186,21</p>
<p>187,22</p>
<p>188,23</p>
<p>188,24</p>
<p>187,25</p>
<p>187,26</p>
<p>186,27</p>
<p>185,27</p>
<p>184,27</p>
<p>183,26</p>
<p>182,25</p>
<p>181,25</p>
<p>180,24</p>
<p>180,23</p>
<p>180,22</p>
</polygon>
<polygon type="5" id="6" clor="65280" strt="65" len="1" n="23">
<p>182,19</p>
<p>183,19</p>
<p>184,20</p>
<p>185,20</p>
<p>186,21</p>
<p>186,22</p>
<p>187,23</p>
<p>187,24</p>
<p>187,25</p>
<p>187,26</p>
<p>186,27</p>
<p>185,28</p>
<p>184,27</p>
<p>183,28</p>
<p>182,27</p>
<p>182,26</p>
<p>181,25</p>
<p>181,24</p>
<p>180,24</p>
<p>181,23</p>
<p>181,22</p>
<p>180,22</p>
<p>181,21</p>
</polygon>
<polygon type="5" id="6" clor="65280" strt="66" len="1" n="7">
<p>187,18</p>
<p>188,19</p>
<p>189,19</p>
<p>188,19</p>
<p>187,20</p>
<p>186,20</p>
<p>185,20</p>
</polygon>
<polygon type="5" id="6" clor="65280" strt="67" len="1" n="23">
<p>183,18</p>
<p>184,19</p>
<p>185,20</p>
<p>186,21</p>
<p>187,21</p>
<p>188,22</p>
<p>188,23</p>
<p>187,24</p>
<p>187,25</p>
<p>186,26</p>
<p>186,27</p>
<p>185,28</p>
<p>184,28</p>
<p>183,27</p>
<p>182,26</p>
<p>181,25</p>
<p>181,24</p>
<p>181,23</p>
<p>181,22</p>
<p>182,21</p>
<p>183,21</p>
<p>184,21</p>
<p>183,20</p>
</polygon>
<polygon type="5" id="6" clor="65280" strt="68" len="1" n="24">
<p>187,18</p>
<p>188,19</p>
<p>188,20</p>
<p>187,21</p>
<p>187,22</p>
<p>187,23</p>
<p>187,24</p>
<p>186,25</p>
<p>185,26</p>
<p>184,27</p>
<p>183,27</p>
<p>182,26</p>
<p>181,26</p>
<p>181,25</p>
<p>180,25</p>
<p>180,24</p>
<p>180,23</p>
<p>179,22</p>
<p>180,21</p>
<p>181,21</p>
<p>182,20</p>
<p>183,19</p>
<p>184,20</p>
<p>185,20</p>
</polygon>
<polygon type="5" id="6" clor="65280" strt="69" len="1" n="28">
<p>181,18</p>
<p>182,19</p>
<p>183,18</p>
<p>184,19</p>
<p>184,20</p>
<p>185,21</p>
<p>186,21</p>
<p>187,21</p>
<p>188,22</p>
<p>189,23</p>
<p>188,24</p>
<p>187,23</p>
<p>186,23</p>
<p>185,24</p>
<p>185,25</p>
<p>184,26</p>
<p>184,27</p>
<p>183,26</p>
<p>182,26</p>
<p>182,27</p>
<p>181,27</p>
<p>180,26</p>
<p>180,25</p>
<p>180,24</p>
<p>179,23</p>
<p>179,22</p>
<p>179,21</p>
<p>179,20</p>
</polygon>
<polygon type="5" id="6" clor="65280" strt="70" len="1" n="21">
<p>181,18</p>
<p>182,18</p>
<p>183,18</p>
<p>184,19</p>
<p>185,20</p>
<p>186,20</p>
<p>187,21</p>
<p>186,22</p>
<p>185,23</p>
<p>185,24</p>
<p>184,25</p>
<p>183,26</p>
<p>182,26</p>
<p>181,25</p>
<p>180,24</p>
<p>179,24</p>
<p>178,23</p>
<p>177,22</p>
<p>177,21</p>
<p>178,20</p>
<p>179,19</p>
</polygon>
<polygon type="5" id="6" clor="65280" strt="71" len="1" n="6">
<p>187,17</p>
<p>188,17</p>
<p>189,18</p>
<p>188,19</p>
<p>187,20</p>
<p>186,19</p>
</polygon>
<ellipse type="6" id="6" clor="65280" strt="72" len="1" x="183" y="22" wdth="5" heght="5"></ellipse>
<ellipse type="6" id="6" clor="65280" strt="73" len="1" x="182" y="22" wdth="5" heght="5"></ellipse>
<polygon type="5" id="6" clor="65280" strt="74" len="1" n="22">
<p>181,18</p>
<p>182,18</p>
<p>183,19</p>
<p>184,20</p>
<p>184,21</p>
<p>185,21</p>
<p>186,22</p>
<p>186,23</p>
<p>185,24</p>
<p>186,25</p>
<p>185,26</p>
<p>184,25</p>
<p>183,26</p>
<p>182,25</p>
<p>181,25</p>
<p>180,25</p>
<p>179,24</p>
<p>178,23</p>
<p>179,22</p>
<p>178,21</p>
<p>178,20</p>
<p>179,19</p>
</polygon>
<polygon type="5" id="6" clor="65280" strt="75" len="1" n="21">
<p>180,19</p>
<p>181,19</p>
<p>182,19</p>
<p>183,19</p>
<p>184,19</p>
<p>185,20</p>
<p>186,19</p>
<p>187,20</p>
<p>186,21</p>
<p>186,22</p>
<p>185,23</p>
<p>185,24</p>
<p>184,25</p>
<p>183,25</p>
<p>182,26</p>
<p>181,25</p>
<p>180,25</p>
<p>179,24</p>
<p>179,23</p>
<p>179,22</p>
<p>178,21</p>
</polygon>
<polygon type="5" id="6" clor="65280" strt="76" len="1" n="19">
<p>180,18</p>
<p>181,19</p>
<p>182,19</p>
<p>183,20</p>
<p>184,21</p>
<p>185,22</p>
<p>185,23</p>
<p>184,24</p>
<p>184,25</p>
<p>183,26</p>
<p>182,27</p>
<p>181,26</p>
<p>180,25</p>
<p>179,25</p>
<p>178,24</p>
<p>177,23</p>
<p>177,22</p>
<p>178,21</p>
<p>178,20</p>
</polygon>
<polygon type="5" id="6" clor="65280" strt="77" len="1" n="21">
<p>180,18</p>
<p>181,19</p>
<p>182,20</p>
<p>183,20</p>
<p>184,20</p>
<p>185,21</p>
<p>185,22</p>
<p>185,23</p>
<p>184,24</p>
<p>184,25</p>
<p>183,26</p>
<p>182,26</p>
<p>181,27</p>
<p>180,26</p>
<p>179,25</p>
<p>178,24</p>
<p>178,23</p>
<p>178,22</p>
<p>177,21</p>
<p>177,20</p>
<p>178,19</p>
</polygon>
<polygon type="5" id="6" clor="65280" strt="78" len="1" n="27">
<p>180,19</p>
<p>181,19</p>
<p>182,20</p>
<p>183,20</p>
<p>184,20</p>
<p>185,20</p>
<p>186,20</p>
<p>187,20</p>
<p>187,21</p>
<p>188,21</p>
<p>187,22</p>
<p>186,23</p>
<p>185,23</p>
<p>184,24</p>
<p>183,25</p>
<p>182,26</p>
<p>181,25</p>
<p>180,26</p>
<p>179,26</p>
<p>178,25</p>
<p>177,25</p>
<p>176,24</p>
<p>175,24</p>
<p>176,23</p>
<p>177,22</p>
<p>177,21</p>
<p>178,21</p>
</polygon>
<ellipse type="6" id="6" clor="65280" strt="79" len="1" x="182" y="23" wdth="5" heght="5"></ellipse>
<polygon type="5" id="6" clor="65280" strt="80" len="1" n="32">
<p>179,19</p>
<p>180,20</p>
<p>181,19</p>
<p>182,19</p>
<p>183,19</p>
<p>184,20</p>
<p>185,19</p>
<p>186,20</p>
<p>186,21</p>
<p>186,22</p>
<p>185,23</p>
<p>185,24</p>
<p>185,25</p>
<p>185,26</p>
<p>184,27</p>
<p>183,26</p>
<p>182,26</p>
<p>181,25</p>
<p>180,24</p>
<p>179,24</p>
<p>179,25</p>
<p>179,26</p>
<p>179,27</p>
<p>178,28</p>
<p>177,27</p>
<p>177,26</p>
<p>177,25</p>
<p>176,25</p>
<p>175,24</p>
<p>175,23</p>
<p>176,22</p>
<p>177,21</p>
</polygon>
<polygon type="5" id="6" clor="65280" strt="81" len="1" n="30">
<p>178,19</p>
<p>179,19</p>
<p>180,19</p>
<p>181,19</p>
<p>182,20</p>
<p>183,19</p>
<p>184,20</p>
<p>185,20</p>
<p>186,20</p>
<p>187,19</p>
<p>188,20</p>
<p>188,21</p>
<p>189,22</p>
<p>188,23</p>
<p>187,23</p>
<p>186,23</p>
<p>185,24</p>
<p>184,24</p>
<p>183,24</p>
<p>183,25</p>
<p>183,26</p>
<p>182,27</p>
<p>181,26</p>
<p>181,25</p>
<p>181,24</p>
<p>180,24</p>
<p>179,24</p>
<p>178,23</p>
<p>179,22</p>
<p>178,21</p>
</polygon>
<polygon type="5" id="6" clor="65280" strt="82" len="1" n="23">
<p>179,18</p>
<p>180,19</p>
<p>181,18</p>
<p>182,19</p>
<p>183,19</p>
<p>184,19</p>
<p>185,20</p>
<p>186,21</p>
<p>186,22</p>
<p>185,23</p>
<p>185,24</p>
<p>184,24</p>
<p>184,25</p>
<p>183,26</p>
<p>182,26</p>
<p>181,25</p>
<p>180,25</p>
<p>179,25</p>
<p>178,24</p>
<p>178,23</p>
<p>178,22</p>
<p>179,21</p>
<p>179,20</p>
</polygon>
<polygon type="5" id="6" clor="65280" strt="83" len="1" n="28">
<p>178,16</p>
<p>179,17</p>
<p>179,18</p>
<p>180,18</p>
<p>181,18</p>
<p>182,19</p>
<p>183,20</p>
<p>184,21</p>
<p>183,22</p>
<p>184,23</p>
<p>183,24</p>
<p>182,24</p>
<p>181,24</p>
<p>180,25</p>
<p>179,26</p>
<p>178,26</p>
<p>177,25</p>
<p>176,25</p>
<p>175,25</p>
<p>174,24</p>
<p>175,23</p>
<p>174,22</p>
<p>175,21</p>
<p>176,21</p>
<p>176,20</p>
<p>176,19</p>
<p>177,18</p>
<p>178,18</p>
</polygon>
<ellipse type="6" id="7" clor="65280" strt="90" len="1" x="229" y="51" wdth="5" heght="5"></ellipse>
<ellipse type="6" id="7" clor="65280" strt="91" len="1" x="228" y="50" wdth="5" heght="5"></ellipse>
<ellipse type="6" id="7" clor="65280" strt="92" len="1" x="228" y="46" wdth="5" heght="5"></ellipse>
<ellipse type="6" id="7" clor="65280" strt="93" len="1" x="229" y="45" wdth="4" heght="4"></ellipse>
<polygon type="5" id="7" clor="65280" strt="94" len="1" n="31">
<p>226,37</p>
<p>227,38</p>
<p>227,39</p>
<p>228,39</p>
<p>229,39</p>
<p>230,39</p>
<p>231,39</p>
<p>232,40</p>
<p>232,41</p>
<p>231,42</p>
<p>231,43</p>
<p>231,44</p>
<p>231,45</p>
<p>230,46</p>
<p>229,46</p>
<p>228,46</p>
<p>228,47</p>
<p>227,48</p>
<p>226,49</p>
<p>226,50</p>
<p>225,49</p>
<p>225,48</p>
<p>225,47</p>
<p>225,46</p>
<p>224,45</p>
<p>225,44</p>
<p>224,43</p>
<p>224,42</p>
<p>225,41</p>
<p>225,40</p>
<p>224,39</p>
</polygon>
<ellipse type="6" id="7" clor="65280" strt="95" len="1" x="229" y="44" wdth="5" heght="5"></ellipse>
<ellipse type="6" id="8" clor="65280" strt="45" len="1" x="228" y="47" wdth="5" heght="5"></ellipse>
<ellipse type="6" id="8" clor="65280" strt="46" len="1" x="228" y="48" wdth="5" heght="5"></ellipse>
<ellipse type="6" id="8" clor="65280" strt="47" len="1" x="230" y="45" wdth="5" heght="5"></ellipse>
<ellipse type="6" id="8" clor="65280" strt="48" len="1" x="230" y="45" wdth="5" heght="5"></ellipse>
<ellipse type="6" id="8" clor="65280" strt="49" len="1" x="231" y="43" wdth="5" heght="5"></ellipse>
<ellipse type="6" id="8" clor="65280" strt="50" len="1" x="231" y="41" wdth="4" heght="4"></ellipse>
<polygon type="5" id="8" clor="65280" strt="51" len="1" n="24">
<p>232,36</p>
<p>233,36</p>
<p>234,37</p>
<p>235,36</p>
<p>236,37</p>
<p>237,38</p>
<p>238,39</p>
<p>237,40</p>
<p>237,41</p>
<p>237,42</p>
<p>236,43</p>
<p>235,42</p>
<p>234,41</p>
<p>233,41</p>
<p>233,42</p>
<p>233,43</p>
<p>232,44</p>
<p>231,43</p>
<p>230,43</p>
<p>229,42</p>
<p>229,41</p>
<p>228,40</p>
<p>229,39</p>
<p>230,38</p>
</polygon>
<ellipse type="6" id="8" clor="65280" strt="52" len="1" x="233" y="37" wdth="4" heght="4"></ellipse>
<ellipse type="6" id="8" clor="65280" strt="53" len="1" x="233" y="35" wdth="5" heght="5"></ellipse>
<polygon type="5" id="8" clor="65280" strt="54" len="1" n="15">
<p>235,31</p>
<p>236,31</p>
<p>237,31</p>
<p>238,31</p>
<p>239,32</p>
<p>239,33</p>
<p>239,34</p>
<p>239,35</p>
<p>238,36</p>
<p>237,36</p>
<p>236,36</p>
<p>235,36</p>
<p>234,35</p>
<p>234,34</p>
<p>234,33</p>
</polygon>
<polygon type="5" id="8" clor="65280" strt="55" len="1" n="34">
<p>239,27</p>
<p>240,27</p>
<p>241,27</p>
<p>242,28</p>
<p>243,29</p>
<p>244,30</p>
<p>245,31</p>
<p>245,32</p>
<p>245,33</p>
<p>244,34</p>
<p>243,35</p>
<p>242,36</p>
<p>241,37</p>
<p>240,37</p>
<p>239,37</p>
<p>238,38</p>
<p>239,39</p>
<p>238,40</p>
<p>237,41</p>
<p>236,40</p>
<p>236,39</p>
<p>236,38</p>
<p>236,37</p>
<p>235,37</p>
<p>234,37</p>
<p>233,36</p>
<p>232,35</p>
<p>233,34</p>
<p>234,33</p>
<p>235,33</p>
<p>235,32</p>
<p>235,31</p>
<p>236,30</p>
<p>237,29</p>
</polygon>
<ellipse type="6" id="9" clor="65280" strt="3" len="1" x="130" y="20" wdth="5" heght="5"></ellipse>
<polygon type="5" id="9" clor="65280" strt="4" len="1" n="15">
<p>127,16</p>
<p>128,17</p>
<p>129,16</p>
<p>130,16</p>
<p>131,17</p>
<p>131,18</p>
<p>131,19</p>
<p>131,20</p>
<p>130,21</p>
<p>129,21</p>
<p>128,21</p>
<p>127,21</p>
<p>126,20</p>
<p>126,19</p>
<p>126,18</p>
</polygon>
<polygon type="5" id="9" clor="65280" strt="5" len="1" n="26">
<p>127,17</p>
<p>128,17</p>
<p>129,17</p>
<p>130,17</p>
<p>131,18</p>
<p>130,19</p>
<p>129,20</p>
<p>129,21</p>
<p>130,22</p>
<p>131,23</p>
<p>131,24</p>
<p>130,25</p>
<p>129,26</p>
<p>128,25</p>
<p>127,25</p>
<p>126,24</p>
<p>125,24</p>
<p>124,24</p>
<p>123,24</p>
<p>122,23</p>
<p>123,22</p>
<p>123,21</p>
<p>123,20</p>
<p>123,19</p>
<p>124,18</p>
<p>125,18</p>
</polygon>
<polygon type="5" id="9" clor="65280" strt="6" len="1" n="27">
<p>129,15</p>
<p>130,16</p>
<p>131,16</p>
<p>132,17</p>
<p>131,18</p>
<p>130,19</p>
<p>130,20</p>
<p>129,21</p>
<p>130,22</p>
<p>130,23</p>
<p>129,24</p>
<p>128,25</p>
<p>128,26</p>
<p>127,27</p>
<p>126,26</p>
<p>126,25</p>
<p>125,24</p>
<p>124,24</p>
<p>123,23</p>
<p>123,22</p>
<p>123,21</p>
<p>123,20</p>
<p>123,19</p>
<p>124,18</p>
<p>125,18</p>
<p>126,17</p>
<p>127,16</p>
</polygon>
<polygon type="5" id="9" clor="65280" strt="7" len="1" n="30">
<p>123,16</p>
<p>124,16</p>
<p>125,17</p>
<p>126,17</p>
<p>127,17</p>
<p>128,17</p>
<p>129,18</p>
<p>130,17</p>
<p>131,18</p>
<p>130,19</p>
<p>129,20</p>
<p>129,21</p>
<p>129,22</p>
<p>130,23</p>
<p>131,24</p>
<p>130,25</p>
<p>129,24</p>
<p>128,25</p>
<p>127,26</p>
<p>126,25</p>
<p>126,24</p>
<p>125,23</p>
<p>124,24</p>
<p>123,23</p>
<p>122,22</p>
<p>123,21</p>
<p>124,21</p>
<p>123,20</p>
<p>122,19</p>
<p>123,18</p>
</polygon>
<ellipse type="6" id="9" clor="65280" strt="8" len="1" x="125" y="21" wdth="5" heght="5"></ellipse>
<ellipse type="6" id="9" clor="65280" strt="9" len="1" x="124" y="22" wdth="5" heght="5"></ellipse>
<polygon type="5" id="9" clor="65280" strt="10" len="1" n="27">
<p>126,16</p>
<p>127,17</p>
<p>128,17</p>
<p>129,18</p>
<p>129,19</p>
<p>130,19</p>
<p>131,18</p>
<p>132,19</p>
<p>132,20</p>
<p>131,20</p>
<p>131,21</p>
<p>131,22</p>
<p>130,23</p>
<p>129,24</p>
<p>128,24</p>
<p>127,24</p>
<p>126,25</p>
<p>125,24</p>
<p>124,23</p>
<p>123,23</p>
<p>123,22</p>
<p>122,22</p>
<p>123,21</p>
<p>123,20</p>
<p>123,19</p>
<p>123,18</p>
<p>124,17</p>
</polygon>
<polygon type="5" id="9" clor="65280" strt="11" len="1" n="33">
<p>129,16</p>
<p>130,17</p>
<p>130,18</p>
<p>129,19</p>
<p>129,20</p>
<p>129,21</p>
<p>129,22</p>
<p>129,23</p>
<p>128,24</p>
<p>127,25</p>
<p>127,26</p>
<p>126,25</p>
<p>125,25</p>
<p>124,24</p>
<p>123,25</p>
<p>122,26</p>
<p>121,25</p>
<p>121,24</p>
<p>121,23</p>
<p>120,23</p>
<p>121,22</p>
<p>121,21</p>
<p>120,21</p>
<p>120,20</p>
<p>121,19</p>
<p>122,18</p>
<p>123,17</p>
<p>124,17</p>
<p>125,17</p>
<p>126,18</p>
<p>127,19</p>
<p>128,19</p>
<p>128,18</p>
</polygon>
<polygon type="5" id="9" clor="65280" strt="12" len="1" n="31">
<p>124,14</p>
<p>125,14</p>
<p>126,14</p>
<p>127,15</p>
<p>128,16</p>
<p>129,17</p>
<p>130,17</p>
<p>131,16</p>
<p>132,17</p>
<p>131,18</p>
<p>130,19</p>
<p>129,20</p>
<p>130,21</p>
<p>131,22</p>
<p>132,23</p>
<p>131,24</p>
<p>130,23</p>
<p>129,23</p>
<p>128,23</p>
<p>127,22</p>
<p>127,21</p>
<p>126,20</p>
<p>125,20</p>
<p>124,21</p>
<p>123,22</p>
<p>122,21</p>
<p>122,20</p>
<p>122,19</p>
<p>122,18</p>
<p>122,17</p>
<p>123,16</p>
</polygon>
<polygon type="5" id="9" clor="65280" strt="13" len="1" n="24">
<p>124,17</p>
<p>125,17</p>
<p>126,17</p>
<p>127,17</p>
<p>128,17</p>
<p>129,18</p>
<p>129,19</p>
<p>130,20</p>
<p>129,21</p>
<p>130,22</p>
<p>130,23</p>
<p>129,24</p>
<p>128,24</p>
<p>127,25</p>
<p>126,26</p>
<p>125,25</p>
<p>125,24</p>
<p>124,24</p>
<p>123,24</p>
<p>122,23</p>
<p>122,22</p>
<p>123,21</p>
<p>123,20</p>
<p>123,19</p>
</polygon>
<ellipse type="6" id="10" clor="65280" strt="30" len="1" x="148" y="45" wdth="3" heght="3"></ellipse>
<ellipse type="6" id="10" clor="65280" strt="31" len="1" x="147" y="45" wdth="4" heght="4"></ellipse>
<ellipse type="6" id="10" clor="65280" strt="32" len="1" x="146" y="44" wdth="5" heght="5"></ellipse>
<polygon type="5" id="10" clor="65280" strt="33" len="1" n="27">
<p>143,36</p>
<p>144,37</p>
<p>145,38</p>
<p>146,39</p>
<p>147,40</p>
<p>148,40</p>
<p>149,39</p>
<p>150,39</p>
<p>151,40</p>
<p>150,41</p>
<p>149,41</p>
<p>149,42</p>
<p>149,43</p>
<p>149,44</p>
<p>148,45</p>
<p>147,46</p>
<p>146,46</p>
<p>145,45</p>
<p>145,44</p>
<p>144,44</p>
<p>143,44</p>
<p>142,43</p>
<p>142,42</p>
<p>141,41</p>
<p>141,40</p>
<p>142,39</p>
<p>142,38</p>
</polygon>
<ellipse type="6" id="10" clor="65280" strt="34" len="1" x="144" y="40" wdth="5" heght="5"></ellipse>
<ellipse type="6" id="10" clor="65280" strt="35" len="1" x="143" y="38" wdth="4" heght="4"></ellipse>
<ellipse type="6" id="10" clor="65280" strt="36" len="1" x="142" y="38" wdth="3" heght="3"></ellipse>

</overlay>
