<?xml version="1.0"?>
<overlay>
<dimensions id="99" width="1024" height="1024" depth="68" channels="2"></dimensions>
<controls id="98" isPlayable="0" isPlaying="0" overlaid="1" magnifyable="1" mag_size="50"></controls>
<line type="1" id="97" clor="16777215" strt="0" len="68" x0="977" y0="1014" x1="1014" y1="1014"></line>
<channel type="12" id="0" channel_no="1" strt="0" len="68" clor="16777215" x="4" y="20">oskar</channel>
<channel type="12" id="1" channel_no="2" strt="0" len="68" clor="65535" x="44" y="20">Oskar</channel>
<polygon type="5" id="0" clor="16711680" strt="0" len="1" n="14">
<p>244,928</p>
<p>276,932</p>
<p>317,922</p>
<p>400,917</p>
<p>462,921</p>
<p>458,910</p>
<p>406,862</p>
<p>369,826</p>
<p>342,809</p>
<p>309,804</p>
<p>276,818</p>
<p>246,852</p>
<p>236,882</p>
<p>233,910</p>
</polygon>
<line type="1" id="0" clor="16776960" strt="0" len="1" x0="332" y0="949" x1="305" y1="770"></line>
<text type="10" id="0" clor="16777215" strt="0" len="1" x="4" y="4">stage 8</text>
<polygon type="5" id="1" clor="16711680" strt="1" len="1" n="23">
<p>333,288</p>
<p>337,286</p>
<p>360,296</p>
<p>401,310</p>
<p>433,318</p>
<p>466,325</p>
<p>493,336</p>
<p>502,349</p>
<p>506,364</p>
<p>501,386</p>
<p>480,425</p>
<p>464,448</p>
<p>450,473</p>
<p>440,481</p>
<p>430,482</p>
<p>420,478</p>
<p>409,461</p>
<p>402,437</p>
<p>389,406</p>
<p>365,384</p>
<p>349,370</p>
<p>340,337</p>
<p>334,313</p>
</polygon>
<line type="1" id="1" clor="16776960" strt="1" len="1" x0="345" y0="426" x1="530" y1="334"></line>
<text type="10" id="1" clor="16777215" strt="1" len="1" x="4" y="4">stage 8</text>
<polygon type="5" id="2" clor="16711680" strt="2" len="1" n="23">
<p>465,505</p>
<p>486,466</p>
<p>501,441</p>
<p>510,425</p>
<p>517,385</p>
<p>532,345</p>
<p>550,325</p>
<p>553,316</p>
<p>553,310</p>
<p>516,317</p>
<p>488,328</p>
<p>450,337</p>
<p>414,353</p>
<p>398,361</p>
<p>385,372</p>
<p>380,386</p>
<p>377,404</p>
<p>376,420</p>
<p>384,442</p>
<p>396,458</p>
<p>410,478</p>
<p>432,492</p>
<p>448,504</p>
</polygon>
<line type="1" id="2" clor="16776960" strt="2" len="1" x0="532" y0="436" x1="350" y1="381"></line>
<text type="10" id="2" clor="16777215" strt="2" len="1" x="4" y="4">stage 8</text>
<polygon type="5" id="3" clor="16711680" strt="3" len="1" n="20">
<p>690,400</p>
<p>724,390</p>
<p>765,365</p>
<p>793,348</p>
<p>826,337</p>
<p>861,344</p>
<p>894,344</p>
<p>908,348</p>
<p>917,356</p>
<p>909,381</p>
<p>897,424</p>
<p>890,449</p>
<p>881,476</p>
<p>857,484</p>
<p>834,481</p>
<p>796,461</p>
<p>776,449</p>
<p>742,438</p>
<p>720,425</p>
<p>697,409</p>
</polygon>
<line type="1" id="3" clor="16776960" strt="3" len="1" x0="796" y0="314" x1="880" y1="505"></line>
<text type="10" id="3" clor="16777215" strt="3" len="1" x="4" y="4">stage9</text>
<polygon type="5" id="4" clor="16711680" strt="4" len="1" n="26">
<p>561,721</p>
<p>580,692</p>
<p>594,637</p>
<p>606,605</p>
<p>617,582</p>
<p>621,548</p>
<p>640,521</p>
<p>650,524</p>
<p>677,538</p>
<p>701,558</p>
<p>709,570</p>
<p>714,582</p>
<p>720,608</p>
<p>720,629</p>
<p>716,646</p>
<p>710,664</p>
<p>696,693</p>
<p>681,708</p>
<p>653,722</p>
<p>632,728</p>
<p>609,737</p>
<p>596,737</p>
<p>586,737</p>
<p>572,737</p>
<p>562,733</p>
<p>556,730</p>
</polygon>
<line type="1" id="4" clor="16776960" strt="4" len="1" x0="560" y0="609" x1="770" y1="674"></line>
<text type="10" id="4" clor="16777215" strt="4" len="1" x="4" y="4">stage9</text>
<polygon type="5" id="5" clor="16711680" strt="5" len="1" n="27">
<p>598,877</p>
<p>625,877</p>
<p>660,876</p>
<p>701,869</p>
<p>722,858</p>
<p>734,849</p>
<p>740,842</p>
<p>750,820</p>
<p>760,797</p>
<p>760,774</p>
<p>750,738</p>
<p>744,720</p>
<p>730,682</p>
<p>722,666</p>
<p>710,645</p>
<p>700,633</p>
<p>692,626</p>
<p>678,624</p>
<p>668,638</p>
<p>665,670</p>
<p>658,704</p>
<p>641,745</p>
<p>634,761</p>
<p>632,784</p>
<p>620,821</p>
<p>618,844</p>
<p>604,864</p>
</polygon>
<line type="1" id="5" clor="16776960" strt="5" len="1" x0="602" y0="749" x1="784" y1="805"></line>
<text type="10" id="5" clor="16777215" strt="5" len="1" x="4" y="4">stage9</text>
<polygon type="5" id="6" clor="16711680" strt="6" len="1" n="18">
<p>685,480</p>
<p>725,476</p>
<p>753,473</p>
<p>766,464</p>
<p>802,485</p>
<p>825,505</p>
<p>840,530</p>
<p>832,586</p>
<p>806,637</p>
<p>782,677</p>
<p>744,709</p>
<p>729,697</p>
<p>717,665</p>
<p>709,638</p>
<p>708,590</p>
<p>697,533</p>
<p>697,516</p>
<p>689,488</p>
</polygon>
<line type="1" id="6" clor="16776960" strt="6" len="1" x0="654" y0="541" x1="893" y1="529"></line>
<text type="10" id="6" clor="16777215" strt="6" len="1" x="4" y="4">stage9</text>
<polygon type="5" id="7" clor="16711680" strt="7" len="1" n="22">
<p>440,628</p>
<p>456,614</p>
<p>498,562</p>
<p>545,505</p>
<p>570,464</p>
<p>592,426</p>
<p>604,404</p>
<p>605,393</p>
<p>593,385</p>
<p>561,384</p>
<p>518,389</p>
<p>470,400</p>
<p>444,406</p>
<p>421,420</p>
<p>406,434</p>
<p>390,464</p>
<p>393,498</p>
<p>396,528</p>
<p>404,546</p>
<p>416,581</p>
<p>424,602</p>
<p>430,616</p>
</polygon>
<line type="1" id="7" clor="16776960" strt="7" len="1" x0="564" y0="542" x1="379" y1="412"></line>
<text type="10" id="7" clor="16777215" strt="7" len="1" x="4" y="4">stage9</text>
<polygon type="5" id="8" clor="16711680" strt="8" len="1" n="21">
<p>438,720</p>
<p>437,680</p>
<p>461,630</p>
<p>489,608</p>
<p>512,581</p>
<p>546,561</p>
<p>576,556</p>
<p>618,553</p>
<p>628,557</p>
<p>645,638</p>
<p>646,673</p>
<p>642,706</p>
<p>632,729</p>
<p>620,742</p>
<p>602,750</p>
<p>586,752</p>
<p>568,753</p>
<p>532,748</p>
<p>505,738</p>
<p>470,729</p>
<p>448,725</p>
</polygon>
<line type="1" id="8" clor="16776960" strt="8" len="1" x0="472" y0="570" x1="657" y1="773"></line>
<text type="10" id="8" clor="16777215" strt="8" len="1" x="4" y="4">stage9</text>
<polygon type="5" id="9" clor="16711680" strt="9" len="1" n="20">
<p>638,581</p>
<p>677,524</p>
<p>689,514</p>
<p>728,541</p>
<p>758,560</p>
<p>770,581</p>
<p>780,609</p>
<p>782,657</p>
<p>774,693</p>
<p>760,716</p>
<p>729,744</p>
<p>694,761</p>
<p>666,774</p>
<p>641,773</p>
<p>616,745</p>
<p>600,713</p>
<p>596,688</p>
<p>600,665</p>
<p>617,630</p>
<p>630,598</p>
</polygon>
<line type="1" id="9" clor="16776960" strt="9" len="1" x0="590" y0="596" x1="836" y1="714"></line>
<text type="10" id="9" clor="16777215" strt="9" len="1" x="4" y="4">stage9</text>
<polygon type="5" id="10" clor="16711680" strt="10" len="1" n="24">
<p>538,388</p>
<p>586,365</p>
<p>664,352</p>
<p>709,352</p>
<p>748,348</p>
<p>765,348</p>
<p>789,341</p>
<p>800,337</p>
<p>789,305</p>
<p>754,273</p>
<p>713,257</p>
<p>682,242</p>
<p>650,213</p>
<p>626,178</p>
<p>606,165</p>
<p>588,161</p>
<p>569,166</p>
<p>558,180</p>
<p>553,198</p>
<p>545,234</p>
<p>542,276</p>
<p>538,301</p>
<p>538,326</p>
<p>537,352</p>
</polygon>
<line type="1" id="10" clor="16776960" strt="10" len="1" x0="580" y0="133" x1="636" y1="392"></line>
<text type="10" id="10" clor="16777215" strt="10" len="1" x="4" y="4">stage9</text>
<polygon type="5" id="11" clor="16711680" strt="11" len="1" n="20">
<p>466,400</p>
<p>500,441</p>
<p>536,470</p>
<p>561,517</p>
<p>586,545</p>
<p>618,573</p>
<p>634,589</p>
<p>654,553</p>
<p>676,496</p>
<p>688,453</p>
<p>700,421</p>
<p>710,384</p>
<p>706,358</p>
<p>694,345</p>
<p>677,344</p>
<p>649,348</p>
<p>614,350</p>
<p>565,357</p>
<p>526,368</p>
<p>492,380</p>
</polygon>
<line type="1" id="11" clor="16776960" strt="11" len="1" x0="513" y0="524" x1="738" y1="313"></line>
<text type="10" id="11" clor="16777215" strt="11" len="1" x="4" y="4">stage9</text>
<polygon type="5" id="12" clor="16711680" strt="12" len="1" n="28">
<p>488,546</p>
<p>498,518</p>
<p>536,502</p>
<p>576,493</p>
<p>612,482</p>
<p>637,474</p>
<p>652,473</p>
<p>673,470</p>
<p>689,472</p>
<p>698,480</p>
<p>708,496</p>
<p>716,520</p>
<p>720,544</p>
<p>720,562</p>
<p>721,580</p>
<p>721,609</p>
<p>712,654</p>
<p>696,701</p>
<p>689,720</p>
<p>686,721</p>
<p>664,686</p>
<p>629,661</p>
<p>593,646</p>
<p>582,641</p>
<p>565,624</p>
<p>544,609</p>
<p>521,582</p>
<p>502,561</p>
</polygon>
<line type="1" id="12" clor="16776960" strt="12" len="1" x0="560" y0="670" x1="714" y1="449"></line>
<text type="10" id="12" clor="16777215" strt="12" len="1" x="4" y="4">stage9</text>
<polygon type="5" id="13" clor="16711680" strt="13" len="1" n="24">
<p>613,562</p>
<p>610,614</p>
<p>617,656</p>
<p>616,700</p>
<p>596,765</p>
<p>589,813</p>
<p>585,845</p>
<p>577,852</p>
<p>552,840</p>
<p>521,820</p>
<p>486,780</p>
<p>470,754</p>
<p>464,740</p>
<p>449,726</p>
<p>434,697</p>
<p>430,678</p>
<p>433,661</p>
<p>446,640</p>
<p>464,624</p>
<p>493,608</p>
<p>520,589</p>
<p>558,569</p>
<p>581,564</p>
<p>600,561</p>
</polygon>
<line type="1" id="13" clor="16776960" strt="13" len="1" x0="645" y0="702" x1="405" y1="676"></line>
<text type="10" id="13" clor="16777215" strt="13" len="1" x="4" y="4">stage9</text>
<polygon type="5" id="14" clor="16711680" strt="14" len="1" n="22">
<p>514,453</p>
<p>552,438</p>
<p>616,401</p>
<p>642,385</p>
<p>656,352</p>
<p>662,328</p>
<p>657,296</p>
<p>624,261</p>
<p>580,244</p>
<p>538,242</p>
<p>510,248</p>
<p>497,256</p>
<p>477,270</p>
<p>454,300</p>
<p>442,340</p>
<p>438,377</p>
<p>437,402</p>
<p>436,425</p>
<p>441,438</p>
<p>454,440</p>
<p>477,438</p>
<p>501,445</p>
</polygon>
<line type="1" id="14" clor="16776960" strt="14" len="1" x0="604" y0="445" x1="482" y1="232"></line>
<text type="10" id="14" clor="16777215" strt="14" len="1" x="4" y="4">stage9</text>
<polygon type="5" id="15" clor="16711680" strt="15" len="1" n="26">
<p>556,400</p>
<p>565,418</p>
<p>596,440</p>
<p>626,458</p>
<p>674,472</p>
<p>733,488</p>
<p>764,498</p>
<p>794,501</p>
<p>802,501</p>
<p>801,494</p>
<p>794,454</p>
<p>788,406</p>
<p>776,374</p>
<p>772,348</p>
<p>766,330</p>
<p>753,304</p>
<p>741,293</p>
<p>706,277</p>
<p>688,277</p>
<p>672,281</p>
<p>650,289</p>
<p>629,302</p>
<p>598,329</p>
<p>576,365</p>
<p>560,381</p>
<p>552,388</p>
</polygon>
<line type="1" id="15" clor="16776960" strt="15" len="1" x0="656" y0="492" x1="728" y1="246"></line>
<text type="10" id="15" clor="16777215" strt="15" len="1" x="4" y="4">stage9</text>
<polygon type="5" id="16" clor="16711680" strt="16" len="1" n="22">
<p>497,456</p>
<p>557,448</p>
<p>608,429</p>
<p>656,396</p>
<p>696,358</p>
<p>717,344</p>
<p>722,332</p>
<p>713,317</p>
<p>669,284</p>
<p>614,260</p>
<p>577,242</p>
<p>550,222</p>
<p>512,209</p>
<p>490,209</p>
<p>473,217</p>
<p>461,232</p>
<p>457,249</p>
<p>456,270</p>
<p>462,314</p>
<p>470,345</p>
<p>478,390</p>
<p>490,432</p>
</polygon>
<line type="1" id="16" clor="16776960" strt="16" len="1" x0="646" y0="429" x1="469" y1="198"></line>
<text type="10" id="16" clor="16777215" strt="16" len="1" x="4" y="4">stage9</text>
<polygon type="5" id="17" clor="16711680" strt="17" len="1" n="27">
<p>290,512</p>
<p>313,518</p>
<p>328,540</p>
<p>350,577</p>
<p>381,616</p>
<p>389,624</p>
<p>394,677</p>
<p>400,713</p>
<p>404,742</p>
<p>408,761</p>
<p>372,770</p>
<p>344,772</p>
<p>272,777</p>
<p>244,777</p>
<p>230,777</p>
<p>206,766</p>
<p>192,754</p>
<p>182,742</p>
<p>181,722</p>
<p>188,690</p>
<p>193,669</p>
<p>197,640</p>
<p>206,618</p>
<p>232,578</p>
<p>253,556</p>
<p>270,537</p>
<p>282,522</p>
</polygon>
<line type="1" id="17" clor="16776960" strt="17" len="1" x0="413" y0="604" x1="149" y1="749"></line>
<text type="10" id="17" clor="16777215" strt="17" len="1" x="4" y="4">stage9</text>
<polygon type="5" id="18" clor="16711680" strt="18" len="1" n="25">
<p>584,749</p>
<p>622,677</p>
<p>634,634</p>
<p>654,609</p>
<p>686,564</p>
<p>717,529</p>
<p>717,492</p>
<p>720,489</p>
<p>762,522</p>
<p>813,570</p>
<p>828,590</p>
<p>840,616</p>
<p>852,645</p>
<p>858,661</p>
<p>861,674</p>
<p>861,696</p>
<p>856,712</p>
<p>844,728</p>
<p>817,753</p>
<p>796,766</p>
<p>740,773</p>
<p>713,774</p>
<p>677,773</p>
<p>636,769</p>
<p>613,762</p>
</polygon>
<line type="1" id="18" clor="16776960" strt="18" len="1" x0="628" y0="601" x1="898" y1="725"></line>
<text type="10" id="18" clor="16777215" strt="18" len="1" x="4" y="4">stage9</text>
<polygon type="5" id="19" clor="16711680" strt="19" len="1" n="25">
<p>257,658</p>
<p>313,682</p>
<p>360,698</p>
<p>388,716</p>
<p>410,748</p>
<p>434,785</p>
<p>477,814</p>
<p>504,841</p>
<p>509,848</p>
<p>494,861</p>
<p>457,884</p>
<p>412,910</p>
<p>368,924</p>
<p>337,932</p>
<p>308,936</p>
<p>286,932</p>
<p>261,922</p>
<p>250,910</p>
<p>241,897</p>
<p>229,852</p>
<p>232,813</p>
<p>232,766</p>
<p>233,738</p>
<p>242,696</p>
<p>250,678</p>
</polygon>
<line type="1" id="19" clor="16776960" strt="19" len="1" x0="430" y0="692" x1="218" y1="949"></line>
<text type="10" id="19" clor="16777215" strt="19" len="1" x="4" y="4">stage9</text>
<polygon type="5" id="20" clor="16711680" strt="20" len="1" n="27">
<p>394,548</p>
<p>457,576</p>
<p>510,580</p>
<p>568,598</p>
<p>608,606</p>
<p>637,612</p>
<p>668,618</p>
<p>692,620</p>
<p>685,633</p>
<p>645,688</p>
<p>614,717</p>
<p>586,736</p>
<p>560,748</p>
<p>518,758</p>
<p>501,766</p>
<p>476,774</p>
<p>448,780</p>
<p>422,784</p>
<p>402,786</p>
<p>389,782</p>
<p>373,776</p>
<p>366,760</p>
<p>358,713</p>
<p>360,666</p>
<p>366,626</p>
<p>372,589</p>
<p>378,568</p>
</polygon>
<line type="1" id="20" clor="16776960" strt="20" len="1" x0="533" y0="554" x1="378" y1="801"></line>
<text type="10" id="20" clor="16777215" strt="20" len="1" x="4" y="4">stage9</text>
<polygon type="5" id="21" clor="16711680" strt="21" len="1" n="30">
<p>484,342</p>
<p>508,298</p>
<p>545,216</p>
<p>562,174</p>
<p>566,154</p>
<p>570,129</p>
<p>580,86</p>
<p>590,65</p>
<p>593,61</p>
<p>553,52</p>
<p>496,46</p>
<p>444,46</p>
<p>413,48</p>
<p>376,52</p>
<p>354,52</p>
<p>320,57</p>
<p>305,68</p>
<p>300,70</p>
<p>296,82</p>
<p>300,100</p>
<p>308,117</p>
<p>329,138</p>
<p>344,158</p>
<p>360,182</p>
<p>376,208</p>
<p>393,232</p>
<p>409,257</p>
<p>428,285</p>
<p>448,308</p>
<p>462,325</p>
</polygon>
<line type="1" id="21" clor="16776960" strt="21" len="1" x0="610" y0="201" x1="257" y1="60"></line>
<text type="10" id="21" clor="16777215" strt="21" len="1" x="4" y="4">stage9</text>
<polygon type="5" id="22" clor="16711680" strt="22" len="1" n="33">
<p>338,584</p>
<p>360,588</p>
<p>381,598</p>
<p>402,614</p>
<p>416,638</p>
<p>432,680</p>
<p>446,712</p>
<p>456,736</p>
<p>480,764</p>
<p>497,786</p>
<p>501,826</p>
<p>485,840</p>
<p>438,848</p>
<p>396,857</p>
<p>349,861</p>
<p>316,865</p>
<p>289,870</p>
<p>260,876</p>
<p>241,874</p>
<p>224,869</p>
<p>212,858</p>
<p>206,837</p>
<p>206,810</p>
<p>208,785</p>
<p>217,762</p>
<p>228,738</p>
<p>248,702</p>
<p>260,680</p>
<p>273,658</p>
<p>285,634</p>
<p>297,618</p>
<p>313,605</p>
<p>328,594</p>
</polygon>
<line type="1" id="22" clor="16776960" strt="22" len="1" x0="478" y0="710" x1="191" y1="868"></line>
<text type="10" id="22" clor="16777215" strt="22" len="1" x="4" y="4">stage9</text>
<polygon type="5" id="23" clor="16711680" strt="23" len="1" n="29">
<p>537,709</p>
<p>562,674</p>
<p>594,661</p>
<p>636,649</p>
<p>672,621</p>
<p>724,590</p>
<p>753,566</p>
<p>781,552</p>
<p>786,549</p>
<p>798,566</p>
<p>813,606</p>
<p>817,668</p>
<p>818,709</p>
<p>821,809</p>
<p>822,849</p>
<p>821,870</p>
<p>824,889</p>
<p>818,900</p>
<p>808,913</p>
<p>782,922</p>
<p>765,920</p>
<p>740,909</p>
<p>725,882</p>
<p>677,836</p>
<p>645,821</p>
<p>612,802</p>
<p>584,778</p>
<p>552,749</p>
<p>541,725</p>
</polygon>
<line type="1" id="23" clor="16776960" strt="23" len="1" x0="642" y0="588" x1="829" y1="972"></line>
<text type="10" id="23" clor="16777215" strt="23" len="1" x="4" y="4">stage9</text>
<polygon type="5" id="24" clor="16711680" strt="24" len="1" n="31">
<p>617,585</p>
<p>633,608</p>
<p>642,649</p>
<p>646,701</p>
<p>632,749</p>
<p>617,778</p>
<p>616,802</p>
<p>622,829</p>
<p>613,834</p>
<p>574,829</p>
<p>530,821</p>
<p>488,813</p>
<p>445,801</p>
<p>413,792</p>
<p>364,784</p>
<p>344,784</p>
<p>308,774</p>
<p>297,758</p>
<p>290,746</p>
<p>286,732</p>
<p>286,721</p>
<p>297,692</p>
<p>308,672</p>
<p>334,654</p>
<p>369,641</p>
<p>424,621</p>
<p>493,597</p>
<p>517,588</p>
<p>558,581</p>
<p>577,581</p>
<p>597,580</p>
</polygon>
<line type="1" id="24" clor="16776960" strt="24" len="1" x0="673" y0="701" x1="250" y1="733"></line>
<text type="10" id="24" clor="16777215" strt="24" len="1" x="4" y="4">stage9</text>
<polygon type="5" id="25" clor="16711680" strt="25" len="1" n="23">
<p>553,764</p>
<p>569,694</p>
<p>582,654</p>
<p>608,632</p>
<p>638,596</p>
<p>668,556</p>
<p>684,532</p>
<p>702,538</p>
<p>742,557</p>
<p>808,596</p>
<p>842,632</p>
<p>869,670</p>
<p>888,713</p>
<p>894,737</p>
<p>886,777</p>
<p>874,792</p>
<p>857,813</p>
<p>832,820</p>
<p>786,820</p>
<p>726,812</p>
<p>676,801</p>
<p>634,789</p>
<p>593,776</p>
</polygon>
<line type="1" id="25" clor="16776960" strt="25" len="1" x0="566" y0="608" x1="932" y1="798"></line>
<text type="10" id="25" clor="16777215" strt="25" len="1" x="4" y="4">stage9</text>
<polygon type="5" id="26" clor="16711680" strt="26" len="1" n="31">
<p>489,545</p>
<p>506,524</p>
<p>565,486</p>
<p>614,456</p>
<p>648,437</p>
<p>666,428</p>
<p>690,417</p>
<p>728,396</p>
<p>742,385</p>
<p>762,377</p>
<p>778,378</p>
<p>790,380</p>
<p>806,392</p>
<p>817,409</p>
<p>820,422</p>
<p>824,438</p>
<p>821,492</p>
<p>800,520</p>
<p>768,570</p>
<p>753,604</p>
<p>736,680</p>
<p>724,732</p>
<p>710,757</p>
<p>690,780</p>
<p>678,782</p>
<p>662,764</p>
<p>621,685</p>
<p>597,641</p>
<p>550,594</p>
<p>526,574</p>
<p>490,550</p>
</polygon>
<line type="1" id="26" clor="16776960" strt="26" len="1" x0="570" y0="668" x1="830" y1="357"></line>
<text type="10" id="26" clor="16777215" strt="26" len="1" x="4" y="4">stage9</text>
<polygon type="5" id="27" clor="16711680" strt="27" len="1" n="33">
<p>541,326</p>
<p>562,304</p>
<p>621,278</p>
<p>669,270</p>
<p>712,269</p>
<p>770,270</p>
<p>797,278</p>
<p>828,290</p>
<p>853,305</p>
<p>865,316</p>
<p>881,336</p>
<p>888,346</p>
<p>890,360</p>
<p>886,378</p>
<p>878,401</p>
<p>864,438</p>
<p>826,509</p>
<p>809,537</p>
<p>772,574</p>
<p>733,609</p>
<p>721,622</p>
<p>716,626</p>
<p>701,612</p>
<p>692,552</p>
<p>674,514</p>
<p>657,490</p>
<p>624,450</p>
<p>601,433</p>
<p>585,414</p>
<p>574,404</p>
<p>556,386</p>
<p>548,362</p>
<p>542,345</p>
</polygon>
<line type="1" id="27" clor="16776960" strt="27" len="1" x0="620" y0="496" x1="916" y1="327"></line>
<text type="10" id="27" clor="16777215" strt="27" len="1" x="4" y="4">stage9</text>
<polygon type="5" id="28" clor="16711680" strt="28" len="1" n="26">
<p>349,438</p>
<p>401,342</p>
<p>464,288</p>
<p>541,246</p>
<p>580,236</p>
<p>605,234</p>
<p>626,234</p>
<p>661,246</p>
<p>689,269</p>
<p>704,282</p>
<p>709,301</p>
<p>709,325</p>
<p>700,353</p>
<p>677,386</p>
<p>634,448</p>
<p>617,504</p>
<p>602,556</p>
<p>592,593</p>
<p>578,612</p>
<p>560,608</p>
<p>504,568</p>
<p>465,493</p>
<p>424,454</p>
<p>372,440</p>
<p>357,436</p>
<p>356,436</p>
</polygon>
<line type="1" id="28" clor="16776960" strt="28" len="1" x0="428" y0="561" x1="718" y1="204"></line>
<text type="10" id="28" clor="16777215" strt="28" len="1" x="4" y="4">stage9</text>
<polygon type="5" id="29" clor="16711680" strt="29" len="1" n="27">
<p>588,454</p>
<p>630,433</p>
<p>681,412</p>
<p>748,394</p>
<p>789,388</p>
<p>821,388</p>
<p>854,396</p>
<p>885,406</p>
<p>910,420</p>
<p>930,445</p>
<p>942,469</p>
<p>949,496</p>
<p>945,520</p>
<p>929,560</p>
<p>908,589</p>
<p>845,640</p>
<p>796,672</p>
<p>760,701</p>
<p>741,717</p>
<p>712,704</p>
<p>688,668</p>
<p>660,633</p>
<p>644,608</p>
<p>629,565</p>
<p>620,526</p>
<p>606,496</p>
<p>596,469</p>
</polygon>
<line type="1" id="29" clor="16776960" strt="29" len="1" x0="612" y0="626" x1="976" y1="438"></line>
<text type="10" id="29" clor="16777215" strt="29" len="1" x="4" y="4">stage9</text>
<polygon type="5" id="30" clor="16711680" strt="30" len="1" n="31">
<p>277,566</p>
<p>308,580</p>
<p>357,604</p>
<p>390,626</p>
<p>429,645</p>
<p>457,666</p>
<p>474,684</p>
<p>494,706</p>
<p>517,732</p>
<p>532,741</p>
<p>525,757</p>
<p>466,804</p>
<p>392,854</p>
<p>361,873</p>
<p>326,890</p>
<p>308,901</p>
<p>284,910</p>
<p>264,918</p>
<p>244,926</p>
<p>228,926</p>
<p>217,926</p>
<p>206,917</p>
<p>200,906</p>
<p>189,874</p>
<p>184,838</p>
<p>184,798</p>
<p>185,740</p>
<p>202,677</p>
<p>221,626</p>
<p>237,600</p>
<p>256,578</p>
</polygon>
<line type="1" id="30" clor="16776960" strt="30" len="1" x0="440" y0="601" x1="188" y1="954"></line>
<text type="10" id="30" clor="16777215" strt="30" len="1" x="4" y="4">stage9</text>
<polygon type="5" id="31" clor="16711680" strt="31" len="1" n="26">
<p>485,654</p>
<p>425,645</p>
<p>349,625</p>
<p>276,605</p>
<p>218,568</p>
<p>190,538</p>
<p>165,501</p>
<p>156,489</p>
<p>148,466</p>
<p>148,441</p>
<p>160,420</p>
<p>177,408</p>
<p>197,401</p>
<p>246,393</p>
<p>340,389</p>
<p>444,386</p>
<p>502,380</p>
<p>526,384</p>
<p>540,409</p>
<p>540,437</p>
<p>532,473</p>
<p>528,529</p>
<p>508,578</p>
<p>498,609</p>
<p>498,646</p>
<p>500,668</p>
</polygon>
<line type="1" id="31" clor="16776960" strt="31" len="1" x0="582" y0="492" x1="110" y1="432"></line>
<text type="10" id="31" clor="16777215" strt="31" len="1" x="4" y="4">stage9</text>
<polygon type="5" id="32" clor="16711680" strt="32" len="1" n="30">
<p>478,477</p>
<p>512,458</p>
<p>581,432</p>
<p>641,406</p>
<p>674,394</p>
<p>728,382</p>
<p>760,369</p>
<p>789,362</p>
<p>817,357</p>
<p>854,356</p>
<p>866,357</p>
<p>881,361</p>
<p>898,369</p>
<p>910,380</p>
<p>917,393</p>
<p>918,421</p>
<p>904,454</p>
<p>876,506</p>
<p>817,586</p>
<p>762,640</p>
<p>729,677</p>
<p>708,688</p>
<p>685,688</p>
<p>668,668</p>
<p>646,646</p>
<p>612,624</p>
<p>573,594</p>
<p>556,561</p>
<p>509,525</p>
<p>489,501</p>
</polygon>
<line type="1" id="32" clor="16776960" strt="32" len="1" x0="556" y0="620" x1="938" y1="352"></line>
<text type="10" id="32" clor="16777215" strt="32" len="1" x="4" y="4">stage9</text>
<polygon type="5" id="33" clor="16711680" strt="33" len="1" n="35">
<p>492,356</p>
<p>528,380</p>
<p>553,398</p>
<p>604,436</p>
<p>665,473</p>
<p>697,493</p>
<p>717,508</p>
<p>746,524</p>
<p>782,530</p>
<p>789,514</p>
<p>813,473</p>
<p>841,422</p>
<p>865,380</p>
<p>874,360</p>
<p>877,333</p>
<p>882,297</p>
<p>880,262</p>
<p>873,230</p>
<p>860,212</p>
<p>848,196</p>
<p>832,181</p>
<p>817,168</p>
<p>793,156</p>
<p>777,152</p>
<p>757,152</p>
<p>737,157</p>
<p>717,165</p>
<p>693,180</p>
<p>662,202</p>
<p>642,226</p>
<p>616,249</p>
<p>598,270</p>
<p>577,297</p>
<p>554,317</p>
<p>522,332</p>
</polygon>
<line type="1" id="33" clor="16776960" strt="33" len="1" x0="613" y0="482" x1="854" y1="140"></line>
<text type="10" id="33" clor="16777215" strt="33" len="1" x="4" y="4">stage9</text>
<polygon type="5" id="34" clor="16711680" strt="34" len="1" n="21">
<p>350,513</p>
<p>409,532</p>
<p>493,533</p>
<p>532,516</p>
<p>601,492</p>
<p>649,493</p>
<p>654,481</p>
<p>649,377</p>
<p>622,293</p>
<p>586,194</p>
<p>566,154</p>
<p>548,129</p>
<p>528,112</p>
<p>500,108</p>
<p>462,116</p>
<p>440,137</p>
<p>425,158</p>
<p>401,257</p>
<p>376,346</p>
<p>365,417</p>
<p>360,465</p>
</polygon>
<line type="1" id="34" clor="16776960" strt="34" len="1" x0="518" y0="568" x1="494" y1="66"></line>
<text type="10" id="34" clor="16777215" strt="34" len="1" x="4" y="4">stage 10-11</text>
<polygon type="5" id="35" clor="16711680" strt="35" len="1" n="25">
<p>504,526</p>
<p>532,566</p>
<p>578,578</p>
<p>601,597</p>
<p>612,632</p>
<p>626,688</p>
<p>630,729</p>
<p>593,761</p>
<p>469,817</p>
<p>317,880</p>
<p>272,900</p>
<p>224,910</p>
<p>196,912</p>
<p>177,900</p>
<p>172,876</p>
<p>174,852</p>
<p>193,830</p>
<p>202,774</p>
<p>209,729</p>
<p>250,694</p>
<p>314,662</p>
<p>394,621</p>
<p>428,594</p>
<p>458,552</p>
<p>489,534</p>
</polygon>
<line type="1" id="35" clor="16776960" strt="35" len="1" x0="610" y0="576" x1="142" y1="920"></line>
<text type="10" id="35" clor="16777215" strt="35" len="1" x="4" y="4">stage 10-11</text>
<polygon type="5" id="36" clor="16711680" strt="36" len="1" n="34">
<p>498,425</p>
<p>541,430</p>
<p>594,452</p>
<p>641,489</p>
<p>666,504</p>
<p>696,525</p>
<p>730,545</p>
<p>750,553</p>
<p>773,561</p>
<p>774,569</p>
<p>757,600</p>
<p>734,632</p>
<p>714,656</p>
<p>677,716</p>
<p>653,749</p>
<p>613,793</p>
<p>588,822</p>
<p>570,833</p>
<p>545,842</p>
<p>530,845</p>
<p>509,845</p>
<p>484,836</p>
<p>461,828</p>
<p>437,813</p>
<p>422,784</p>
<p>418,741</p>
<p>422,690</p>
<p>424,658</p>
<p>436,605</p>
<p>450,565</p>
<p>466,508</p>
<p>482,474</p>
<p>481,450</p>
<p>489,437</p>
</polygon>
<line type="1" id="36" clor="16776960" strt="36" len="1" x0="672" y0="438" x1="448" y1="894"></line>
<text type="10" id="36" clor="16777215" strt="36" len="1" x="4" y="4">stage 10-11</text>
<polygon type="5" id="37" clor="16711680" strt="37" len="1" n="32">
<p>489,601</p>
<p>522,537</p>
<p>561,470</p>
<p>572,429</p>
<p>593,373</p>
<p>613,341</p>
<p>632,330</p>
<p>654,328</p>
<p>677,336</p>
<p>706,356</p>
<p>760,397</p>
<p>793,429</p>
<p>817,453</p>
<p>840,480</p>
<p>870,504</p>
<p>890,521</p>
<p>916,541</p>
<p>925,552</p>
<p>933,569</p>
<p>937,584</p>
<p>933,604</p>
<p>922,622</p>
<p>894,646</p>
<p>849,665</p>
<p>809,673</p>
<p>774,672</p>
<p>724,670</p>
<p>682,665</p>
<p>638,653</p>
<p>586,629</p>
<p>524,616</p>
<p>504,608</p>
</polygon>
<line type="1" id="37" clor="16776960" strt="37" len="1" x0="494" y0="446" x1="978" y1="613"></line>
<text type="10" id="37" clor="16777215" strt="37" len="1" x="4" y="4">stage 10-11</text>
<polygon type="5" id="38" clor="16711680" strt="38" len="1" n="31">
<p>510,789</p>
<p>513,702</p>
<p>521,654</p>
<p>540,590</p>
<p>565,525</p>
<p>588,480</p>
<p>596,464</p>
<p>606,460</p>
<p>638,477</p>
<p>712,528</p>
<p>756,562</p>
<p>792,596</p>
<p>829,626</p>
<p>860,648</p>
<p>892,678</p>
<p>905,692</p>
<p>916,708</p>
<p>920,717</p>
<p>922,737</p>
<p>920,757</p>
<p>909,772</p>
<p>894,786</p>
<p>876,793</p>
<p>853,801</p>
<p>816,808</p>
<p>770,812</p>
<p>717,813</p>
<p>669,810</p>
<p>620,805</p>
<p>556,797</p>
<p>528,793</p>
</polygon>
<line type="1" id="38" clor="16776960" strt="38" len="1" x0="442" y0="637" x1="974" y1="750"></line>
<text type="10" id="38" clor="16777215" strt="38" len="1" x="4" y="4">stage 10-11</text>
<polygon type="5" id="39" clor="16711680" strt="39" len="1" n="34">
<p>520,576</p>
<p>537,565</p>
<p>577,570</p>
<p>645,580</p>
<p>710,589</p>
<p>768,594</p>
<p>813,600</p>
<p>857,606</p>
<p>880,610</p>
<p>898,614</p>
<p>912,622</p>
<p>922,636</p>
<p>936,664</p>
<p>946,682</p>
<p>946,692</p>
<p>941,717</p>
<p>917,746</p>
<p>878,774</p>
<p>844,797</p>
<p>792,812</p>
<p>724,825</p>
<p>678,833</p>
<p>624,841</p>
<p>573,850</p>
<p>549,853</p>
<p>525,850</p>
<p>518,837</p>
<p>520,809</p>
<p>512,765</p>
<p>512,742</p>
<p>500,702</p>
<p>500,670</p>
<p>502,637</p>
<p>508,604</p>
</polygon>
<line type="1" id="39" clor="16776960" strt="39" len="1" x0="464" y0="725" x1="993" y1="674"></line>
<text type="10" id="39" clor="16777215" strt="39" len="1" x="4" y="4">stage 10-11</text>
<polygon type="5" id="40" clor="16711680" strt="40" len="1" n="24">
<p>621,650</p>
<p>594,582</p>
<p>557,553</p>
<p>485,506</p>
<p>437,484</p>
<p>424,445</p>
<p>453,413</p>
<p>530,322</p>
<p>654,232</p>
<p>701,198</p>
<p>726,181</p>
<p>750,168</p>
<p>773,165</p>
<p>793,169</p>
<p>808,180</p>
<p>821,200</p>
<p>821,245</p>
<p>808,288</p>
<p>781,374</p>
<p>770,440</p>
<p>726,548</p>
<p>684,600</p>
<p>653,640</p>
<p>634,669</p>
</polygon>
<line type="1" id="40" clor="16776960" strt="40" len="1" x0="501" y0="609" x1="840" y1="117"></line>
<text type="10" id="40" clor="16777215" strt="40" len="1" x="4" y="4">stage 10-11</text>
<polygon type="5" id="41" clor="16711680" strt="41" len="1" n="34">
<p>361,528</p>
<p>388,524</p>
<p>412,525</p>
<p>458,514</p>
<p>504,496</p>
<p>544,490</p>
<p>596,493</p>
<p>622,493</p>
<p>641,493</p>
<p>673,498</p>
<p>688,505</p>
<p>693,514</p>
<p>684,549</p>
<p>668,645</p>
<p>664,702</p>
<p>660,762</p>
<p>648,825</p>
<p>632,852</p>
<p>625,882</p>
<p>605,908</p>
<p>585,916</p>
<p>561,922</p>
<p>545,921</p>
<p>522,913</p>
<p>496,905</p>
<p>482,888</p>
<p>466,865</p>
<p>453,829</p>
<p>421,784</p>
<p>402,753</p>
<p>386,710</p>
<p>376,662</p>
<p>364,605</p>
<p>357,561</p>
</polygon>
<line type="1" id="41" clor="16776960" strt="41" len="1" x0="517" y0="476" x1="557" y1="945"></line>
<text type="10" id="41" clor="16777215" strt="41" len="1" x="4" y="4">stage 10-11</text>
<polygon type="5" id="42" clor="16711680" strt="42" len="1" n="29">
<p>261,748</p>
<p>280,730</p>
<p>364,704</p>
<p>413,673</p>
<p>486,613</p>
<p>520,584</p>
<p>557,565</p>
<p>580,557</p>
<p>602,556</p>
<p>630,570</p>
<p>646,592</p>
<p>661,622</p>
<p>662,648</p>
<p>642,696</p>
<p>628,740</p>
<p>606,789</p>
<p>570,865</p>
<p>532,952</p>
<p>506,985</p>
<p>468,1004</p>
<p>440,1006</p>
<p>422,1005</p>
<p>390,978</p>
<p>357,942</p>
<p>330,929</p>
<p>308,893</p>
<p>280,846</p>
<p>265,798</p>
<p>257,772</p>
</polygon>
<line type="1" id="42" clor="16776960" strt="42" len="1" x0="282" y0="985" x1="677" y1="524"></line>
<text type="10" id="42" clor="16777215" strt="42" len="1" x="4" y="4">stage 10-11</text>
<polygon type="5" id="43" clor="16711680" strt="43" len="1" n="35">
<p>713,461</p>
<p>728,476</p>
<p>730,504</p>
<p>734,570</p>
<p>732,630</p>
<p>721,670</p>
<p>710,705</p>
<p>696,724</p>
<p>672,745</p>
<p>649,760</p>
<p>624,764</p>
<p>609,762</p>
<p>542,737</p>
<p>500,724</p>
<p>454,706</p>
<p>400,685</p>
<p>374,674</p>
<p>349,666</p>
<p>328,658</p>
<p>304,642</p>
<p>290,628</p>
<p>278,614</p>
<p>274,600</p>
<p>273,582</p>
<p>272,564</p>
<p>280,538</p>
<p>290,524</p>
<p>312,506</p>
<p>338,497</p>
<p>397,480</p>
<p>462,468</p>
<p>498,466</p>
<p>549,465</p>
<p>597,464</p>
<p>652,460</p>
</polygon>
<line type="1" id="43" clor="16776960" strt="43" len="1" x0="784" y0="633" x1="233" y1="562"></line>
<text type="10" id="43" clor="16777215" strt="43" len="1" x="4" y="4">stage 10-11</text>
<polygon type="5" id="44" clor="16711680" strt="44" len="1" n="28">
<p>414,521</p>
<p>444,492</p>
<p>501,464</p>
<p>554,449</p>
<p>601,448</p>
<p>657,456</p>
<p>700,464</p>
<p>729,477</p>
<p>749,549</p>
<p>745,653</p>
<p>737,752</p>
<p>728,826</p>
<p>717,864</p>
<p>713,877</p>
<p>706,889</p>
<p>688,906</p>
<p>674,913</p>
<p>653,918</p>
<p>634,920</p>
<p>618,920</p>
<p>598,908</p>
<p>572,876</p>
<p>533,814</p>
<p>501,750</p>
<p>469,666</p>
<p>449,617</p>
<p>425,561</p>
<p>420,537</p>
</polygon>
<line type="1" id="44" clor="16776960" strt="44" len="1" x0="556" y0="408" x1="664" y1="965"></line>
<text type="10" id="44" clor="16777215" strt="44" len="1" x="4" y="4">stage 10-11</text>
<polygon type="5" id="45" clor="16711680" strt="45" len="1" n="36">
<p>454,517</p>
<p>502,528</p>
<p>544,529</p>
<p>597,525</p>
<p>634,521</p>
<p>673,521</p>
<p>724,540</p>
<p>753,565</p>
<p>762,588</p>
<p>748,669</p>
<p>717,740</p>
<p>696,805</p>
<p>676,836</p>
<p>636,890</p>
<p>617,920</p>
<p>596,941</p>
<p>576,952</p>
<p>564,956</p>
<p>552,960</p>
<p>540,961</p>
<p>517,960</p>
<p>505,956</p>
<p>485,944</p>
<p>470,932</p>
<p>462,922</p>
<p>457,893</p>
<p>453,865</p>
<p>445,800</p>
<p>433,745</p>
<p>428,689</p>
<p>418,638</p>
<p>418,597</p>
<p>418,562</p>
<p>424,545</p>
<p>433,526</p>
<p>441,513</p>
</polygon>
<line type="1" id="45" clor="16776960" strt="45" len="1" x0="617" y0="493" x1="512" y1="993"></line>
<text type="10" id="45" clor="16777215" strt="45" len="1" x="4" y="4">stage 10-11</text>
<polygon type="5" id="46" clor="16711680" strt="46" len="1" n="30">
<p>436,609</p>
<p>485,638</p>
<p>517,686</p>
<p>552,714</p>
<p>574,740</p>
<p>600,750</p>
<p>633,756</p>
<p>656,753</p>
<p>678,734</p>
<p>721,669</p>
<p>765,612</p>
<p>806,517</p>
<p>813,497</p>
<p>840,428</p>
<p>852,385</p>
<p>856,365</p>
<p>856,337</p>
<p>841,293</p>
<p>826,277</p>
<p>793,254</p>
<p>769,246</p>
<p>733,244</p>
<p>688,265</p>
<p>625,329</p>
<p>558,388</p>
<p>513,446</p>
<p>504,464</p>
<p>472,508</p>
<p>452,534</p>
<p>436,573</p>
</polygon>
<line type="1" id="46" clor="16776960" strt="46" len="1" x0="481" y0="741" x1="853" y1="214"></line>
<text type="10" id="46" clor="16777215" strt="46" len="1" x="4" y="4">stage 10-11</text>
<polygon type="5" id="47" clor="16711680" strt="47" len="1" n="28">
<p>516,685</p>
<p>578,669</p>
<p>677,646</p>
<p>720,633</p>
<p>742,576</p>
<p>724,502</p>
<p>661,361</p>
<p>620,280</p>
<p>596,249</p>
<p>570,213</p>
<p>548,186</p>
<p>530,168</p>
<p>500,152</p>
<p>472,148</p>
<p>446,165</p>
<p>428,194</p>
<p>424,206</p>
<p>401,300</p>
<p>386,377</p>
<p>385,428</p>
<p>398,530</p>
<p>412,588</p>
<p>420,634</p>
<p>429,665</p>
<p>441,678</p>
<p>454,685</p>
<p>482,686</p>
<p>501,684</p>
</polygon>
<line type="1" id="47" clor="16776960" strt="47" len="1" x0="602" y0="716" x1="466" y1="117"></line>
<text type="10" id="47" clor="16777215" strt="47" len="1" x="4" y="4">stage 10-11</text>
<polygon type="5" id="48" clor="16711680" strt="48" len="1" n="40">
<p>460,466</p>
<p>501,502</p>
<p>530,552</p>
<p>556,596</p>
<p>585,618</p>
<p>624,654</p>
<p>646,676</p>
<p>674,678</p>
<p>706,653</p>
<p>748,613</p>
<p>793,558</p>
<p>841,498</p>
<p>868,444</p>
<p>888,406</p>
<p>901,377</p>
<p>916,346</p>
<p>920,310</p>
<p>921,292</p>
<p>918,272</p>
<p>909,246</p>
<p>894,232</p>
<p>881,216</p>
<p>854,201</p>
<p>836,197</p>
<p>816,196</p>
<p>794,204</p>
<p>776,213</p>
<p>752,232</p>
<p>710,256</p>
<p>688,264</p>
<p>656,276</p>
<p>636,288</p>
<p>613,304</p>
<p>586,318</p>
<p>525,342</p>
<p>484,362</p>
<p>469,381</p>
<p>454,393</p>
<p>456,412</p>
<p>452,450</p>
</polygon>
<line type="1" id="48" clor="16776960" strt="48" len="1" x0="495" y0="608" x1="936" y1="186"></line>
<text type="10" id="48" clor="16777215" strt="48" len="1" x="4" y="4">stage 10-11</text>
<polygon type="5" id="49" clor="16711680" strt="49" len="1" n="32">
<p>360,764</p>
<p>378,713</p>
<p>382,658</p>
<p>378,564</p>
<p>373,529</p>
<p>381,481</p>
<p>397,444</p>
<p>422,410</p>
<p>446,390</p>
<p>493,378</p>
<p>541,378</p>
<p>568,377</p>
<p>622,390</p>
<p>678,410</p>
<p>720,438</p>
<p>756,468</p>
<p>797,513</p>
<p>820,530</p>
<p>837,550</p>
<p>850,565</p>
<p>865,589</p>
<p>866,618</p>
<p>853,641</p>
<p>822,662</p>
<p>798,674</p>
<p>769,677</p>
<p>697,686</p>
<p>604,717</p>
<p>534,733</p>
<p>461,756</p>
<p>402,769</p>
<p>373,769</p>
</polygon>
<line type="1" id="49" clor="16776960" strt="49" len="1" x0="309" y0="550" x1="946" y1="617"></line>
<text type="10" id="49" clor="16777215" strt="49" len="1" x="4" y="4">stage 10-11</text>
<polygon type="5" id="50" clor="16711680" strt="50" len="1" n="22">
<p>376,401</p>
<p>432,412</p>
<p>492,420</p>
<p>586,465</p>
<p>636,505</p>
<p>641,540</p>
<p>584,633</p>
<p>520,752</p>
<p>457,864</p>
<p>422,901</p>
<p>393,922</p>
<p>354,937</p>
<p>334,937</p>
<p>290,925</p>
<p>262,906</p>
<p>245,885</p>
<p>233,858</p>
<p>230,833</p>
<p>240,716</p>
<p>269,618</p>
<p>309,520</p>
<p>348,445</p>
</polygon>
<line type="1" id="50" clor="16776960" strt="50" len="1" x0="539" y0="368" x1="268" y1="970"></line>
<text type="10" id="50" clor="16777215" strt="50" len="1" x="4" y="4">stage 10-11</text>
<polygon type="5" id="51" clor="16711680" strt="51" len="1" n="35">
<p>305,717</p>
<p>314,668</p>
<p>350,617</p>
<p>397,550</p>
<p>448,493</p>
<p>494,462</p>
<p>508,454</p>
<p>530,456</p>
<p>572,485</p>
<p>644,537</p>
<p>686,573</p>
<p>750,618</p>
<p>786,649</p>
<p>806,672</p>
<p>817,692</p>
<p>836,736</p>
<p>844,761</p>
<p>854,778</p>
<p>865,796</p>
<p>866,809</p>
<p>866,824</p>
<p>854,854</p>
<p>828,881</p>
<p>805,889</p>
<p>770,896</p>
<p>746,896</p>
<p>725,893</p>
<p>666,870</p>
<p>581,828</p>
<p>538,810</p>
<p>480,796</p>
<p>417,778</p>
<p>374,769</p>
<p>332,752</p>
<p>309,737</p>
</polygon>
<line type="1" id="51" clor="16776960" strt="51" len="1" x0="345" y0="540" x1="924" y1="886"></line>
<text type="10" id="51" clor="16777215" strt="51" len="1" x="4" y="4">stage 10-11</text>
<polygon type="5" id="52" clor="16711680" strt="52" len="1" n="24">
<p>352,608</p>
<p>352,532</p>
<p>394,445</p>
<p>446,380</p>
<p>481,366</p>
<p>554,385</p>
<p>649,422</p>
<p>734,466</p>
<p>810,509</p>
<p>873,556</p>
<p>890,574</p>
<p>912,592</p>
<p>924,609</p>
<p>928,630</p>
<p>922,658</p>
<p>894,697</p>
<p>846,725</p>
<p>804,744</p>
<p>728,752</p>
<p>628,729</p>
<p>512,698</p>
<p>436,668</p>
<p>388,648</p>
<p>366,624</p>
</polygon>
<line type="1" id="52" clor="16776960" strt="52" len="1" x0="320" y0="421" x1="998" y1="686"></line>
<text type="10" id="52" clor="16777215" strt="52" len="1" x="4" y="4">stage 10-11</text>
<polygon type="5" id="53" clor="16711680" strt="53" len="1" n="36">
<p>394,721</p>
<p>477,705</p>
<p>525,696</p>
<p>564,689</p>
<p>606,657</p>
<p>640,638</p>
<p>674,621</p>
<p>682,613</p>
<p>693,598</p>
<p>680,564</p>
<p>644,486</p>
<p>605,416</p>
<p>574,358</p>
<p>542,317</p>
<p>494,265</p>
<p>468,229</p>
<p>448,213</p>
<p>421,196</p>
<p>410,184</p>
<p>396,170</p>
<p>365,157</p>
<p>317,150</p>
<p>304,156</p>
<p>277,177</p>
<p>260,208</p>
<p>258,234</p>
<p>265,276</p>
<p>273,361</p>
<p>285,421</p>
<p>296,506</p>
<p>301,548</p>
<p>309,582</p>
<p>324,646</p>
<p>337,681</p>
<p>348,702</p>
<p>365,721</p>
</polygon>
<line type="1" id="53" clor="16776960" strt="53" len="1" x0="546" y0="722" x1="293" y1="106"></line>
<text type="10" id="53" clor="16777215" strt="53" len="1" x="4" y="4">stage 10-11</text>
<polygon type="5" id="54" clor="16711680" strt="54" len="1" n="37">
<p>565,701</p>
<p>596,698</p>
<p>617,682</p>
<p>665,609</p>
<p>726,557</p>
<p>764,521</p>
<p>813,488</p>
<p>829,457</p>
<p>826,430</p>
<p>809,404</p>
<p>781,381</p>
<p>726,348</p>
<p>632,308</p>
<p>581,278</p>
<p>532,258</p>
<p>488,238</p>
<p>441,224</p>
<p>398,214</p>
<p>366,213</p>
<p>338,218</p>
<p>313,232</p>
<p>301,246</p>
<p>297,257</p>
<p>284,280</p>
<p>280,313</p>
<p>284,338</p>
<p>294,374</p>
<p>306,401</p>
<p>333,441</p>
<p>368,492</p>
<p>396,524</p>
<p>421,557</p>
<p>440,590</p>
<p>462,630</p>
<p>477,665</p>
<p>504,690</p>
<p>542,696</p>
</polygon>
<line type="1" id="54" clor="16776960" strt="54" len="1" x0="744" y0="614" x1="268" y1="205"></line>
<text type="10" id="54" clor="16777215" strt="54" len="1" x="4" y="4">stage 10-11</text>
<polygon type="5" id="55" clor="16711680" strt="55" len="1" n="30">
<p>390,656</p>
<p>440,620</p>
<p>504,592</p>
<p>620,518</p>
<p>678,492</p>
<p>717,477</p>
<p>765,470</p>
<p>796,462</p>
<p>846,473</p>
<p>872,481</p>
<p>896,501</p>
<p>924,554</p>
<p>928,590</p>
<p>910,654</p>
<p>864,706</p>
<p>824,756</p>
<p>757,804</p>
<p>718,837</p>
<p>632,886</p>
<p>570,920</p>
<p>518,929</p>
<p>477,921</p>
<p>458,909</p>
<p>442,874</p>
<p>421,841</p>
<p>404,794</p>
<p>394,765</p>
<p>386,721</p>
<p>385,689</p>
<p>385,666</p>
</polygon>
<line type="1" id="55" clor="16776960" strt="55" len="1" x0="365" y0="849" x1="974" y1="480"></line>
<text type="10" id="55" clor="16777215" strt="55" len="1" x="4" y="4">stage 10-11</text>
<polygon type="5" id="56" clor="16711680" strt="56" len="1" n="37">
<p>170,568</p>
<p>194,512</p>
<p>238,462</p>
<p>289,422</p>
<p>340,385</p>
<p>374,365</p>
<p>401,358</p>
<p>420,358</p>
<p>452,373</p>
<p>481,392</p>
<p>505,412</p>
<p>530,461</p>
<p>560,533</p>
<p>586,589</p>
<p>606,654</p>
<p>614,736</p>
<p>621,797</p>
<p>621,836</p>
<p>621,868</p>
<p>617,901</p>
<p>605,922</p>
<p>590,941</p>
<p>577,950</p>
<p>564,954</p>
<p>544,961</p>
<p>525,958</p>
<p>486,950</p>
<p>469,940</p>
<p>440,916</p>
<p>413,894</p>
<p>369,850</p>
<p>337,801</p>
<p>309,757</p>
<p>276,704</p>
<p>242,666</p>
<p>205,624</p>
<p>184,597</p>
</polygon>
<line type="1" id="56" clor="16776960" strt="56" len="1" x0="256" y0="376" x1="610" y1="980"></line>
<text type="10" id="56" clor="16777215" strt="56" len="1" x="4" y="4">stage 10-11</text>
<polygon type="5" id="57" clor="16711680" strt="57" len="1" n="38">
<p>26,822</p>
<p>36,857</p>
<p>61,877</p>
<p>96,896</p>
<p>132,926</p>
<p>148,945</p>
<p>160,958</p>
<p>189,969</p>
<p>212,977</p>
<p>241,993</p>
<p>265,1002</p>
<p>297,1010</p>
<p>318,1018</p>
<p>344,1016</p>
<p>368,994</p>
<p>396,952</p>
<p>409,914</p>
<p>448,825</p>
<p>468,770</p>
<p>481,726</p>
<p>492,689</p>
<p>504,616</p>
<p>510,560</p>
<p>512,529</p>
<p>497,490</p>
<p>477,456</p>
<p>452,430</p>
<p>434,428</p>
<p>412,430</p>
<p>377,441</p>
<p>320,473</p>
<p>258,528</p>
<p>182,593</p>
<p>144,649</p>
<p>110,680</p>
<p>69,728</p>
<p>49,760</p>
<p>32,798</p>
</polygon>
<line type="1" id="57" clor="16776960" strt="57" len="1" x0="129" y0="988" x1="506" y1="385"></line>
<text type="10" id="57" clor="16777215" strt="57" len="1" x="4" y="4">stage 10-11</text>
<polygon type="5" id="58" clor="16711680" strt="58" len="1" n="33">
<p>326,553</p>
<p>412,586</p>
<p>485,612</p>
<p>524,616</p>
<p>553,616</p>
<p>601,598</p>
<p>637,566</p>
<p>666,512</p>
<p>694,408</p>
<p>724,317</p>
<p>736,265</p>
<p>749,198</p>
<p>752,154</p>
<p>734,120</p>
<p>722,101</p>
<p>696,74</p>
<p>674,65</p>
<p>654,56</p>
<p>628,49</p>
<p>597,46</p>
<p>574,49</p>
<p>529,66</p>
<p>473,102</p>
<p>429,132</p>
<p>386,186</p>
<p>353,238</p>
<p>306,294</p>
<p>276,340</p>
<p>249,384</p>
<p>233,417</p>
<p>246,461</p>
<p>272,489</p>
<p>294,525</p>
</polygon>
<line type="1" id="58" clor="16776960" strt="58" len="1" x0="370" y0="641" x1="700" y1="18"></line>
<text type="10" id="58" clor="16777215" strt="58" len="1" x="4" y="4">stage 10-11</text>
<polygon type="5" id="59" clor="16711680" strt="59" len="1" n="41">
<p>568,870</p>
<p>632,860</p>
<p>677,833</p>
<p>710,817</p>
<p>736,785</p>
<p>768,750</p>
<p>790,713</p>
<p>798,674</p>
<p>800,626</p>
<p>792,598</p>
<p>750,526</p>
<p>701,461</p>
<p>592,358</p>
<p>541,304</p>
<p>496,261</p>
<p>464,233</p>
<p>449,221</p>
<p>433,204</p>
<p>414,189</p>
<p>392,176</p>
<p>369,170</p>
<p>320,194</p>
<p>312,216</p>
<p>306,236</p>
<p>304,272</p>
<p>304,308</p>
<p>298,349</p>
<p>296,405</p>
<p>298,458</p>
<p>300,512</p>
<p>309,554</p>
<p>326,594</p>
<p>350,636</p>
<p>368,677</p>
<p>386,722</p>
<p>414,766</p>
<p>438,809</p>
<p>460,829</p>
<p>480,849</p>
<p>508,862</p>
<p>537,873</p>
</polygon>
<line type="1" id="59" clor="16776960" strt="59" len="1" x0="718" y0="861" x1="317" y1="128"></line>
<text type="10" id="59" clor="16777215" strt="59" len="1" x="4" y="4">stage 10-11</text>
<polygon type="5" id="60" clor="16711680" strt="60" len="1" n="26">
<p>253,304</p>
<p>309,258</p>
<p>348,241</p>
<p>429,237</p>
<p>514,245</p>
<p>630,265</p>
<p>696,321</p>
<p>710,390</p>
<p>698,488</p>
<p>684,626</p>
<p>673,713</p>
<p>649,797</p>
<p>626,840</p>
<p>596,865</p>
<p>565,881</p>
<p>532,888</p>
<p>501,886</p>
<p>440,872</p>
<p>404,849</p>
<p>357,813</p>
<p>321,741</p>
<p>286,630</p>
<p>274,536</p>
<p>260,456</p>
<p>252,408</p>
<p>244,348</p>
</polygon>
<line type="1" id="60" clor="16776960" strt="60" len="1" x0="493" y0="193" x1="526" y1="942"></line>
<text type="10" id="60" clor="16777215" strt="60" len="1" x="4" y="4">stage 10-11</text>
<polygon type="5" id="61" clor="16711680" strt="61" len="1" n="27">
<p>528,696</p>
<p>464,644</p>
<p>402,593</p>
<p>377,520</p>
<p>394,457</p>
<p>449,354</p>
<p>533,234</p>
<p>588,176</p>
<p>640,117</p>
<p>677,97</p>
<p>718,77</p>
<p>765,70</p>
<p>806,70</p>
<p>832,80</p>
<p>862,113</p>
<p>885,149</p>
<p>902,197</p>
<p>909,337</p>
<p>881,426</p>
<p>849,553</p>
<p>813,637</p>
<p>780,690</p>
<p>726,704</p>
<p>666,704</p>
<p>614,701</p>
<p>580,702</p>
<p>548,696</p>
</polygon>
<line type="1" id="61" clor="16776960" strt="61" len="1" x0="537" y0="750" x1="860" y1="2"></line>
<text type="10" id="61" clor="16777215" strt="61" len="1" x="4" y="4">stage 10-11</text>
<polygon type="5" id="62" clor="16711680" strt="62" len="1" n="32">
<p>296,522</p>
<p>314,480</p>
<p>326,405</p>
<p>340,330</p>
<p>372,306</p>
<p>440,277</p>
<p>536,248</p>
<p>626,236</p>
<p>728,230</p>
<p>776,234</p>
<p>832,252</p>
<p>873,265</p>
<p>909,284</p>
<p>934,306</p>
<p>953,333</p>
<p>961,374</p>
<p>934,426</p>
<p>912,477</p>
<p>889,509</p>
<p>842,566</p>
<p>742,652</p>
<p>650,712</p>
<p>585,745</p>
<p>544,752</p>
<p>488,720</p>
<p>450,685</p>
<p>418,677</p>
<p>388,672</p>
<p>345,652</p>
<p>316,624</p>
<p>298,581</p>
<p>292,542</p>
</polygon>
<line type="1" id="62" clor="16776960" strt="62" len="1" x0="268" y0="628" x1="997" y1="292"></line>
<text type="10" id="62" clor="16777215" strt="62" len="1" x="4" y="4">stage 10-11</text>
<polygon type="5" id="63" clor="16711680" strt="63" len="1" n="39">
<p>697,380</p>
<p>768,414</p>
<p>809,446</p>
<p>817,493</p>
<p>830,533</p>
<p>838,581</p>
<p>857,620</p>
<p>884,644</p>
<p>873,668</p>
<p>846,716</p>
<p>833,746</p>
<p>802,761</p>
<p>778,750</p>
<p>742,762</p>
<p>702,786</p>
<p>669,797</p>
<p>606,800</p>
<p>500,773</p>
<p>416,748</p>
<p>350,738</p>
<p>298,726</p>
<p>264,702</p>
<p>238,670</p>
<p>213,610</p>
<p>190,550</p>
<p>185,529</p>
<p>173,502</p>
<p>176,470</p>
<p>197,432</p>
<p>214,409</p>
<p>233,393</p>
<p>257,372</p>
<p>312,348</p>
<p>388,333</p>
<p>453,326</p>
<p>496,328</p>
<p>540,334</p>
<p>597,350</p>
<p>646,369</p>
</polygon>
<line type="1" id="63" clor="16776960" strt="63" len="1" x0="921" y0="669" x1="109" y1="468"></line>
<text type="10" id="63" clor="16777215" strt="63" len="1" x="4" y="4">stage 10-11</text>
<polygon type="5" id="64" clor="16711680" strt="64" len="1" n="40">
<p>370,572</p>
<p>370,573</p>
<p>386,544</p>
<p>381,480</p>
<p>381,442</p>
<p>417,369</p>
<p>470,288</p>
<p>538,204</p>
<p>600,148</p>
<p>650,108</p>
<p>686,80</p>
<p>709,66</p>
<p>724,64</p>
<p>753,68</p>
<p>785,72</p>
<p>801,76</p>
<p>822,85</p>
<p>837,94</p>
<p>849,102</p>
<p>869,129</p>
<p>886,150</p>
<p>898,173</p>
<p>909,190</p>
<p>910,242</p>
<p>914,309</p>
<p>905,366</p>
<p>865,468</p>
<p>832,546</p>
<p>776,628</p>
<p>732,692</p>
<p>713,708</p>
<p>686,722</p>
<p>622,718</p>
<p>613,718</p>
<p>584,725</p>
<p>570,729</p>
<p>508,704</p>
<p>456,666</p>
<p>417,632</p>
<p>386,593</p>
</polygon>
<line type="1" id="64" clor="16776960" strt="64" len="1" x0="460" y0="710" x1="864" y1="46"></line>
<text type="10" id="64" clor="16777215" strt="64" len="1" x="4" y="4">stage 10-11</text>
<polygon type="5" id="65" clor="16711680" strt="65" len="1" n="34">
<p>204,566</p>
<p>224,502</p>
<p>262,465</p>
<p>280,454</p>
<p>313,390</p>
<p>338,365</p>
<p>365,356</p>
<p>454,358</p>
<p>533,369</p>
<p>653,389</p>
<p>710,404</p>
<p>762,420</p>
<p>804,452</p>
<p>848,501</p>
<p>882,550</p>
<p>889,590</p>
<p>885,646</p>
<p>872,692</p>
<p>858,737</p>
<p>829,769</p>
<p>794,789</p>
<p>734,808</p>
<p>673,814</p>
<p>585,824</p>
<p>536,821</p>
<p>445,826</p>
<p>385,828</p>
<p>337,817</p>
<p>308,801</p>
<p>270,754</p>
<p>252,716</p>
<p>230,684</p>
<p>216,625</p>
<p>208,589</p>
</polygon>
<line type="1" id="65" clor="16776960" strt="65" len="1" x0="166" y0="564" x1="956" y1="612"></line>
<text type="10" id="65" clor="16777215" strt="65" len="1" x="4" y="4">stage 10-11</text>
<polygon type="5" id="66" clor="16711680" strt="66" len="1" n="34">
<p>369,268</p>
<p>406,224</p>
<p>450,186</p>
<p>488,144</p>
<p>525,129</p>
<p>572,121</p>
<p>638,121</p>
<p>674,128</p>
<p>712,141</p>
<p>737,156</p>
<p>789,190</p>
<p>813,229</p>
<p>825,268</p>
<p>832,429</p>
<p>826,538</p>
<p>814,641</p>
<p>805,686</p>
<p>784,746</p>
<p>761,780</p>
<p>742,802</p>
<p>702,828</p>
<p>657,838</p>
<p>629,838</p>
<p>585,825</p>
<p>541,785</p>
<p>518,765</p>
<p>480,700</p>
<p>449,634</p>
<p>421,562</p>
<p>394,490</p>
<p>380,413</p>
<p>372,376</p>
<p>366,330</p>
<p>364,304</p>
</polygon>
<line type="1" id="66" clor="16776960" strt="66" len="1" x0="574" y0="73" x1="682" y1="930"></line>
<text type="10" id="66" clor="16777215" strt="66" len="1" x="4" y="4">stage 10-11</text>
<polygon type="5" id="67" clor="16711680" strt="67" len="1" n="54">
<p>758,413</p>
<p>776,432</p>
<p>804,465</p>
<p>821,482</p>
<p>848,517</p>
<p>870,565</p>
<p>877,596</p>
<p>862,622</p>
<p>852,633</p>
<p>832,640</p>
<p>816,629</p>
<p>796,645</p>
<p>782,692</p>
<p>785,764</p>
<p>789,796</p>
<p>794,817</p>
<p>793,836</p>
<p>777,848</p>
<p>749,848</p>
<p>672,834</p>
<p>625,836</p>
<p>577,837</p>
<p>530,830</p>
<p>484,821</p>
<p>450,816</p>
<p>405,809</p>
<p>337,797</p>
<p>296,785</p>
<p>265,773</p>
<p>222,740</p>
<p>176,696</p>
<p>146,666</p>
<p>132,649</p>
<p>117,622</p>
<p>112,589</p>
<p>112,572</p>
<p>126,518</p>
<p>129,488</p>
<p>141,450</p>
<p>157,430</p>
<p>192,406</p>
<p>236,390</p>
<p>288,382</p>
<p>337,386</p>
<p>386,382</p>
<p>429,380</p>
<p>476,378</p>
<p>526,376</p>
<p>588,377</p>
<p>641,378</p>
<p>690,385</p>
<p>718,398</p>
<p>738,405</p>
<p>742,406</p>
</polygon>
<line type="1" id="67" clor="16776960" strt="67" len="1" x0="953" y0="606" x1="73" y1="526"></line>
<text type="10" id="67" clor="16777215" strt="67" len="1" x="4" y="4">stage 10-11</text>
</overlay>
