<?xml version="1.0"?>
<overlay>
<dimensions id="99" width="171" height="399" depth="1" channels="2" ext=".jpg" lateral_resolution="145.99129488574536" axial_resolution="1.0" unit="micron"></dimensions>
<controls id="98" isPlayable="0" isPlaying="0" FPS="25" overlaid="1" magnifyable="1" mag_size="30" resizable="0"></controls>
<line type="1" id="0" clor="16776960" strt="0" len="1" x0="1" y0="131" x1="168" y1="131"></line>
<line type="1" id="1" clor="16776960" strt="0" len="1" x0="2" y0="225" x1="170" y1="225"></line>
<line type="1" id="2" clor="16776960" strt="0" len="1" x0="0" y0="88" x1="170" y1="88"></line>
<line type="1" id="3" clor="16776960" strt="0" len="1" x0="1" y0="46" x1="170" y1="46"></line>
<text type="10" id="4" clor="16776960" strt="0" len="1" x="5" y="210">50
</text>
<text type="10" id="5" clor="16776960" strt="0" len="1" x="4" y="116">80
</text>
<text type="10" id="6" clor="16776960" strt="0" len="1" x="1" y="73">110
</text>
<text type="10" id="7" clor="16776960" strt="0" len="1" x="0" y="31">180
</text>
<text type="10" id="8" clor="16776960" strt="0" len="1" x="1" y="1">kDa
</text>
<text type="10" id="9" clor="16776960" strt="0" len="1" x="46" y="1">Ctrl
</text>
<text type="10" id="10" clor="16776960" strt="0" len="1" x="79" y="0">Exp
</text>
<text type="10" id="11" clor="16776960" strt="0" len="1" x="117" y="1">Ctrl
</text>
<text type="10" id="12" clor="16776960" strt="0" len="1" x="149" y="1">Exp
</text>
<text type="10" id="13" clor="16645629" strt="0" len="1" x="124" y="381">anti-Osk
</text>
<channel type="12" id="14" clor="16645629" strt="0" len="1" x="2" y="349" channel_no="1">high
</channel>
<channel type="12" id="15" clor="16645629" strt="0" len="1" x="2" y="364" channel_no="2">low
</channel>
</overlay>
