<?xml version="1.0"?>
<overlay>
<dimensions id="99" width="320" height="200" depth="100" channels="1" ext=".jpg" lateral_resolution="0.12815625" axial_resolution="0.12815625" unit="um"></dimensions>
<controls id="98" isPlayable="1" isPlaying="0" FPS="35" overlaid="1" magnifyable="1" mag_size="30" isResizeable="0"></controls>
<line type="1" id="0" clor="16645629" strt="0" len="100" x0="264" y0="189" x1="302" y1="189"></line>
<time type="11" id="1" clor="16645629" strt="0" len="100" x="2" y="2" unit="s
" inc="0.605">0.0</time>
<text type="10" id="2" clor="14089984" strt="0" len="100" x="2" y="174">osk1,2,4 LNA mixmer FIT probes
</text>
<text type="10" id="3" clor="16777215" strt="0" len="100" x="261" y="166">5 um
</text>
<path type="0" id="0" clor="16711680" strt="0" len="23" mdl="20">
<p>192,81</p>
<p>191,80</p>
<p>189,80</p>
<p>187,79</p>
<p>185,75</p>
<p>183,73</p>
<p>183,72</p>
<p>182,71</p>
<p>181,72</p>
<p>182,72</p>
<p>178,69</p>
<p>176,67</p>
<p>176,65</p>
<p>175,63</p>
<p>175,63</p>
<p>174,62</p>
<p>175,62</p>
<p>175,60</p>
<p>174,59</p>
<p>175,58</p>
<p>175,57</p>
<p>174,55</p>
<p>175,53</p>
</path>
<path type="0" id="1" clor="16711935" strt="13" len="6" mdl="20">
<p>144,131</p>
<p>145,131</p>
<p>143,132</p>
<p>142,132</p>
<p>141,132</p>
<p>140,133</p>
</path>
<path type="0" id="2" clor="16776960" strt="11" len="9" mdl="20">
<p>135,139</p>
<p>135,137</p>
<p>136,134</p>
<p>135,133</p>
<p>136,134</p>
<p>135,134</p>
<p>135,133</p>
<p>135,132</p>
<p>136,133</p>
</path>
<path type="0" id="3" clor="16711680" strt="27" len="9" mdl="20">
<p>47,108</p>
<p>46,107</p>
<p>46,106</p>
<p>46,105</p>
<p>44,104</p>
<p>44,100</p>
<p>45,98</p>
<p>43,95</p>
<p>44,93</p>
</path>
<path type="0" id="4" clor="16776960" strt="72" len="15" mdl="20">
<p>150,85</p>
<p>151,85</p>
<p>152,82</p>
<p>152,81</p>
<p>153,77</p>
<p>154,75</p>
<p>153,75</p>
<p>155,72</p>
<p>156,70</p>
<p>154,67</p>
<p>155,65</p>
<p>155,64</p>
<p>156,60</p>
<p>156,60</p>
<p>157,56</p>
</path>
<path type="0" id="5" clor="65535" strt="52" len="10" mdl="20">
<p>178,87</p>
<p>179,88</p>
<p>180,92</p>
<p>182,94</p>
<p>182,95</p>
<p>183,96</p>
<p>183,99</p>
<p>184,100</p>
<p>185,102</p>
<p>186,105</p>
</path>
<path type="0" id="6" clor="16711935" strt="66" len="10" mdl="20">
<p>89,39</p>
<p>88,40</p>
<p>87,40</p>
<p>87,41</p>
<p>87,41</p>
<p>86,42</p>
<p>87,42</p>
<p>85,44</p>
<p>84,43</p>
<p>83,42</p>
</path>
<path type="0" id="7" clor="16711935" strt="61" len="5" mdl="20">
<p>119,95</p>
<p>118,96</p>
<p>118,97</p>
<p>120,99</p>
<p>119,100</p>
</path>
<path type="0" id="8" clor="16711935" strt="33" len="6" mdl="20">
<p>163,112</p>
<p>163,114</p>
<p>163,115</p>
<p>162,114</p>
<p>163,115</p>
<p>163,117</p>
</path>
<path type="0" id="9" clor="16711680" strt="60" len="14" mdl="20">
<p>223,66</p>
<p>222,67</p>
<p>222,66</p>
<p>221,64</p>
<p>219,64</p>
<p>217,63</p>
<p>216,61</p>
<p>215,60</p>
<p>216,60</p>
<p>216,59</p>
<p>216,60</p>
<p>216,58</p>
<p>215,56</p>
<p>215,54</p>
</path>
<path type="0" id="10" clor="16711680" strt="8" len="8" mdl="20">
<p>57,116</p>
<p>55,115</p>
<p>55,115</p>
<p>54,114</p>
<p>55,115</p>
<p>52,113</p>
<p>51,111</p>
<p>50,109</p>
</path>
<polygon type="5" id="0" clor="65280" strt="0" len="1" n="14">
<p>191,79</p>
<p>192,79</p>
<p>193,79</p>
<p>194,79</p>
<p>195,80</p>
<p>195,81</p>
<p>195,82</p>
<p>194,83</p>
<p>193,84</p>
<p>192,84</p>
<p>191,84</p>
<p>190,83</p>
<p>190,82</p>
<p>190,81</p>
</polygon>
<ellipse type="6" id="0" clor="65280" strt="1" len="1" x="191" y="80" wdth="2" heght="2"></ellipse>
<ellipse type="6" id="0" clor="65280" strt="2" len="1" x="189" y="80" wdth="3" heght="3"></ellipse>
<ellipse type="6" id="0" clor="65280" strt="3" len="1" x="187" y="79" wdth="3" heght="3"></ellipse>
<ellipse type="6" id="0" clor="65280" strt="4" len="1" x="185" y="75" wdth="4" heght="4"></ellipse>
<ellipse type="6" id="0" clor="65280" strt="5" len="1" x="183" y="73" wdth="4" heght="4"></ellipse>
<ellipse type="6" id="0" clor="65280" strt="6" len="1" x="183" y="72" wdth="3" heght="3"></ellipse>
<ellipse type="6" id="0" clor="65280" strt="7" len="1" x="182" y="71" wdth="4" heght="4"></ellipse>
<ellipse type="6" id="0" clor="65280" strt="8" len="1" x="181" y="72" wdth="3" heght="3"></ellipse>
<ellipse type="6" id="0" clor="65280" strt="9" len="1" x="182" y="72" wdth="2" heght="2"></ellipse>
<ellipse type="6" id="0" clor="65280" strt="10" len="1" x="178" y="69" wdth="2" heght="2"></ellipse>
<ellipse type="6" id="0" clor="65280" strt="11" len="1" x="176" y="67" wdth="4" heght="4"></ellipse>
<ellipse type="6" id="0" clor="65280" strt="12" len="1" x="176" y="65" wdth="3" heght="3"></ellipse>
<ellipse type="6" id="0" clor="65280" strt="13" len="1" x="175" y="63" wdth="3" heght="3"></ellipse>
<ellipse type="6" id="0" clor="65280" strt="14" len="1" x="175" y="63" wdth="4" heght="4"></ellipse>
<ellipse type="6" id="0" clor="65280" strt="15" len="1" x="174" y="62" wdth="3" heght="3"></ellipse>
<ellipse type="6" id="0" clor="65280" strt="16" len="1" x="175" y="62" wdth="5" heght="5"></ellipse>
<ellipse type="6" id="0" clor="65280" strt="17" len="1" x="175" y="60" wdth="3" heght="3"></ellipse>
<ellipse type="6" id="0" clor="65280" strt="18" len="1" x="174" y="59" wdth="3" heght="3"></ellipse>
<ellipse type="6" id="0" clor="65280" strt="19" len="1" x="175" y="58" wdth="3" heght="3"></ellipse>
<ellipse type="6" id="0" clor="65280" strt="20" len="1" x="175" y="57" wdth="2" heght="2"></ellipse>
<polygon type="5" id="0" clor="65280" strt="21" len="1" n="13">
<p>173,52</p>
<p>174,53</p>
<p>175,53</p>
<p>176,54</p>
<p>176,55</p>
<p>176,56</p>
<p>175,57</p>
<p>174,57</p>
<p>173,56</p>
<p>172,57</p>
<p>171,56</p>
<p>171,55</p>
<p>171,54</p>
</polygon>
<polygon type="5" id="0" clor="65280" strt="22" len="1" n="11">
<p>174,51</p>
<p>175,51</p>
<p>176,52</p>
<p>177,53</p>
<p>177,54</p>
<p>176,55</p>
<p>175,55</p>
<p>174,55</p>
<p>173,55</p>
<p>172,54</p>
<p>173,53</p>
</polygon>
<ellipse type="6" id="1" clor="65280" strt="13" len="1" x="144" y="131" wdth="4" heght="4"></ellipse>
<ellipse type="6" id="1" clor="65280" strt="14" len="1" x="145" y="131" wdth="3" heght="3"></ellipse>
<ellipse type="6" id="1" clor="65280" strt="15" len="1" x="143" y="132" wdth="3" heght="3"></ellipse>
<ellipse type="6" id="1" clor="65280" strt="16" len="1" x="142" y="132" wdth="4" heght="4"></ellipse>
<ellipse type="6" id="1" clor="65280" strt="17" len="1" x="141" y="132" wdth="3" heght="3"></ellipse>
<ellipse type="6" id="1" clor="65280" strt="18" len="1" x="140" y="133" wdth="2" heght="2"></ellipse>
<ellipse type="6" id="2" clor="65280" strt="11" len="1" x="135" y="139" wdth="3" heght="3"></ellipse>
<ellipse type="6" id="2" clor="65280" strt="12" len="1" x="135" y="137" wdth="3" heght="3"></ellipse>
<ellipse type="6" id="2" clor="65280" strt="13" len="1" x="136" y="134" wdth="2" heght="2"></ellipse>
<ellipse type="6" id="2" clor="65280" strt="14" len="1" x="135" y="133" wdth="3" heght="3"></ellipse>
<ellipse type="6" id="2" clor="65280" strt="15" len="1" x="136" y="134" wdth="5" heght="5"></ellipse>
<polygon type="5" id="2" clor="65280" strt="16" len="1" n="22">
<p>137,130</p>
<p>138,130</p>
<p>139,131</p>
<p>139,132</p>
<p>138,133</p>
<p>139,134</p>
<p>139,135</p>
<p>139,136</p>
<p>138,137</p>
<p>137,138</p>
<p>136,139</p>
<p>135,138</p>
<p>134,137</p>
<p>134,136</p>
<p>133,136</p>
<p>132,135</p>
<p>132,134</p>
<p>132,133</p>
<p>132,132</p>
<p>133,131</p>
<p>134,131</p>
<p>135,132</p>
</polygon>
<ellipse type="6" id="2" clor="65280" strt="17" len="1" x="135" y="133" wdth="4" heght="4"></ellipse>
<ellipse type="6" id="2" clor="65280" strt="18" len="1" x="135" y="132" wdth="4" heght="4"></ellipse>
<ellipse type="6" id="2" clor="65280" strt="19" len="1" x="136" y="133" wdth="4" heght="4"></ellipse>
<ellipse type="6" id="3" clor="65280" strt="27" len="1" x="47" y="108" wdth="5" heght="5"></ellipse>
<ellipse type="6" id="3" clor="65280" strt="28" len="1" x="46" y="107" wdth="4" heght="4"></ellipse>
<ellipse type="6" id="3" clor="65280" strt="29" len="1" x="46" y="106" wdth="3" heght="3"></ellipse>
<ellipse type="6" id="3" clor="65280" strt="30" len="1" x="46" y="105" wdth="3" heght="3"></ellipse>
<ellipse type="6" id="3" clor="65280" strt="31" len="1" x="44" y="104" wdth="3" heght="3"></ellipse>
<ellipse type="6" id="3" clor="65280" strt="32" len="1" x="44" y="100" wdth="2" heght="2"></ellipse>
<ellipse type="6" id="3" clor="65280" strt="33" len="1" x="45" y="98" wdth="2" heght="2"></ellipse>
<ellipse type="6" id="3" clor="65280" strt="34" len="1" x="43" y="95" wdth="3" heght="3"></ellipse>
<polygon type="5" id="3" clor="65280" strt="35" len="1" n="15">
<p>42,90</p>
<p>43,90</p>
<p>44,90</p>
<p>45,90</p>
<p>46,91</p>
<p>46,92</p>
<p>46,93</p>
<p>46,94</p>
<p>45,95</p>
<p>44,95</p>
<p>43,95</p>
<p>42,95</p>
<p>41,94</p>
<p>41,93</p>
<p>41,92</p>
</polygon>
<ellipse type="6" id="4" clor="65280" strt="72" len="1" x="150" y="85" wdth="3" heght="3"></ellipse>
<ellipse type="6" id="4" clor="65280" strt="73" len="1" x="151" y="85" wdth="2" heght="2"></ellipse>
<ellipse type="6" id="4" clor="65280" strt="74" len="1" x="152" y="82" wdth="4" heght="4"></ellipse>
<ellipse type="6" id="4" clor="65280" strt="75" len="1" x="152" y="81" wdth="4" heght="4"></ellipse>
<ellipse type="6" id="4" clor="65280" strt="76" len="1" x="153" y="77" wdth="4" heght="4"></ellipse>
<ellipse type="6" id="4" clor="65280" strt="77" len="1" x="154" y="75" wdth="3" heght="3"></ellipse>
<ellipse type="6" id="4" clor="65280" strt="78" len="1" x="153" y="75" wdth="4" heght="4"></ellipse>
<ellipse type="6" id="4" clor="65280" strt="79" len="1" x="155" y="72" wdth="4" heght="4"></ellipse>
<ellipse type="6" id="4" clor="65280" strt="80" len="1" x="156" y="70" wdth="4" heght="4"></ellipse>
<ellipse type="6" id="4" clor="65280" strt="81" len="1" x="154" y="67" wdth="3" heght="3"></ellipse>
<ellipse type="6" id="4" clor="65280" strt="82" len="1" x="155" y="65" wdth="4" heght="4"></ellipse>
<ellipse type="6" id="4" clor="65280" strt="83" len="1" x="155" y="64" wdth="2" heght="2"></ellipse>
<polygon type="5" id="4" clor="65280" strt="84" len="1" n="14">
<p>154,58</p>
<p>155,58</p>
<p>156,58</p>
<p>157,58</p>
<p>158,59</p>
<p>158,60</p>
<p>158,61</p>
<p>157,62</p>
<p>156,63</p>
<p>155,63</p>
<p>154,63</p>
<p>153,62</p>
<p>154,61</p>
<p>154,60</p>
</polygon>
<ellipse type="6" id="4" clor="65280" strt="85" len="1" x="156" y="60" wdth="2" heght="2"></ellipse>
<polygon type="5" id="4" clor="65280" strt="86" len="1" n="15">
<p>155,53</p>
<p>156,53</p>
<p>157,53</p>
<p>158,53</p>
<p>159,54</p>
<p>158,55</p>
<p>159,56</p>
<p>159,57</p>
<p>158,58</p>
<p>157,58</p>
<p>156,58</p>
<p>155,58</p>
<p>154,57</p>
<p>155,56</p>
<p>155,55</p>
</polygon>
<ellipse type="6" id="5" clor="65280" strt="52" len="1" x="178" y="87" wdth="4" heght="4"></ellipse>
<ellipse type="6" id="5" clor="65280" strt="53" len="1" x="179" y="88" wdth="4" heght="4"></ellipse>
<ellipse type="6" id="5" clor="65280" strt="54" len="1" x="180" y="92" wdth="3" heght="3"></ellipse>
<ellipse type="6" id="5" clor="65280" strt="55" len="1" x="182" y="94" wdth="4" heght="4"></ellipse>
<ellipse type="6" id="5" clor="65280" strt="56" len="1" x="182" y="95" wdth="5" heght="5"></ellipse>
<ellipse type="6" id="5" clor="65280" strt="57" len="1" x="183" y="96" wdth="4" heght="4"></ellipse>
<ellipse type="6" id="5" clor="65280" strt="58" len="1" x="183" y="99" wdth="3" heght="3"></ellipse>
<ellipse type="6" id="5" clor="65280" strt="59" len="1" x="184" y="100" wdth="3" heght="3"></ellipse>
<ellipse type="6" id="5" clor="65280" strt="60" len="1" x="185" y="102" wdth="3" heght="3"></ellipse>
<ellipse type="6" id="5" clor="65280" strt="61" len="1" x="186" y="105" wdth="3" heght="3"></ellipse>
<ellipse type="6" id="6" clor="65280" strt="66" len="1" x="89" y="39" wdth="3" heght="3"></ellipse>
<polygon type="5" id="6" clor="65280" strt="67" len="1" n="12">
<p>86,38</p>
<p>87,38</p>
<p>88,38</p>
<p>89,38</p>
<p>90,39</p>
<p>90,40</p>
<p>90,41</p>
<p>89,42</p>
<p>88,43</p>
<p>87,42</p>
<p>86,41</p>
<p>86,40</p>
</polygon>
<ellipse type="6" id="6" clor="65280" strt="68" len="1" x="87" y="40" wdth="4" heght="4"></ellipse>
<ellipse type="6" id="6" clor="65280" strt="69" len="1" x="87" y="41" wdth="3" heght="3"></ellipse>
<ellipse type="6" id="6" clor="65280" strt="70" len="1" x="87" y="41" wdth="3" heght="3"></ellipse>
<ellipse type="6" id="6" clor="65280" strt="71" len="1" x="86" y="42" wdth="2" heght="2"></ellipse>
<ellipse type="6" id="6" clor="65280" strt="72" len="1" x="87" y="42" wdth="2" heght="2"></ellipse>
<ellipse type="6" id="6" clor="65280" strt="73" len="1" x="85" y="44" wdth="3" heght="3"></ellipse>
<ellipse type="6" id="6" clor="65280" strt="74" len="1" x="84" y="43" wdth="4" heght="4"></ellipse>
<ellipse type="6" id="6" clor="65280" strt="75" len="1" x="83" y="42" wdth="4" heght="4"></ellipse>
<ellipse type="6" id="7" clor="65280" strt="61" len="1" x="119" y="95" wdth="2" heght="2"></ellipse>
<ellipse type="6" id="7" clor="65280" strt="62" len="1" x="118" y="96" wdth="3" heght="3"></ellipse>
<ellipse type="6" id="7" clor="65280" strt="63" len="1" x="118" y="97" wdth="3" heght="3"></ellipse>
<ellipse type="6" id="7" clor="65280" strt="64" len="1" x="120" y="99" wdth="2" heght="2"></ellipse>
<polygon type="5" id="7" clor="65280" strt="65" len="1" n="12">
<p>120,97</p>
<p>121,98</p>
<p>121,99</p>
<p>121,100</p>
<p>121,101</p>
<p>120,102</p>
<p>119,102</p>
<p>118,102</p>
<p>117,101</p>
<p>117,100</p>
<p>117,99</p>
<p>118,98</p>
</polygon>
<ellipse type="6" id="8" clor="65280" strt="33" len="1" x="163" y="112" wdth="2" heght="2"></ellipse>
<ellipse type="6" id="8" clor="65280" strt="34" len="1" x="163" y="114" wdth="3" heght="3"></ellipse>
<ellipse type="6" id="8" clor="65280" strt="35" len="1" x="163" y="115" wdth="2" heght="2"></ellipse>
<ellipse type="6" id="8" clor="65280" strt="36" len="1" x="162" y="114" wdth="5" heght="5"></ellipse>
<ellipse type="6" id="8" clor="65280" strt="37" len="1" x="163" y="115" wdth="3" heght="3"></ellipse>
<ellipse type="6" id="8" clor="65280" strt="38" len="1" x="163" y="117" wdth="4" heght="4"></ellipse>
<polygon type="5" id="9" clor="65280" strt="60" len="1" n="9">
<p>222,65</p>
<p>223,65</p>
<p>224,65</p>
<p>225,66</p>
<p>225,67</p>
<p>224,68</p>
<p>223,68</p>
<p>222,68</p>
<p>221,67</p>
</polygon>
<polygon type="5" id="9" clor="65280" strt="61" len="1" n="11">
<p>223,64</p>
<p>224,65</p>
<p>223,66</p>
<p>224,67</p>
<p>224,68</p>
<p>223,69</p>
<p>222,69</p>
<p>221,68</p>
<p>221,67</p>
<p>220,66</p>
<p>221,65</p>
</polygon>
<polygon type="5" id="9" clor="65280" strt="62" len="1" n="14">
<p>220,63</p>
<p>221,63</p>
<p>222,64</p>
<p>223,63</p>
<p>224,64</p>
<p>223,65</p>
<p>224,66</p>
<p>224,67</p>
<p>223,68</p>
<p>222,68</p>
<p>221,68</p>
<p>220,67</p>
<p>220,66</p>
<p>219,65</p>
</polygon>
<polygon type="5" id="9" clor="65280" strt="63" len="1" n="12">
<p>220,62</p>
<p>221,62</p>
<p>222,63</p>
<p>223,62</p>
<p>224,63</p>
<p>223,64</p>
<p>223,65</p>
<p>222,66</p>
<p>221,65</p>
<p>220,66</p>
<p>219,65</p>
<p>219,64</p>
</polygon>
<polygon type="5" id="9" clor="65280" strt="64" len="1" n="12">
<p>219,61</p>
<p>220,62</p>
<p>221,63</p>
<p>222,64</p>
<p>222,65</p>
<p>221,66</p>
<p>220,66</p>
<p>219,65</p>
<p>218,66</p>
<p>217,65</p>
<p>217,64</p>
<p>217,63</p>
</polygon>
<polygon type="5" id="9" clor="65280" strt="65" len="1" n="12">
<p>215,60</p>
<p>216,60</p>
<p>217,61</p>
<p>218,61</p>
<p>219,62</p>
<p>219,63</p>
<p>219,64</p>
<p>218,65</p>
<p>217,65</p>
<p>216,64</p>
<p>215,63</p>
<p>214,62</p>
</polygon>
<polygon type="5" id="9" clor="65280" strt="66" len="1" n="13">
<p>215,59</p>
<p>216,59</p>
<p>217,60</p>
<p>218,61</p>
<p>219,62</p>
<p>219,63</p>
<p>218,64</p>
<p>217,64</p>
<p>216,63</p>
<p>215,64</p>
<p>214,63</p>
<p>214,62</p>
<p>214,61</p>
</polygon>
<ellipse type="6" id="9" clor="65280" strt="67" len="1" x="215" y="60" wdth="3" heght="3"></ellipse>
<ellipse type="6" id="9" clor="65280" strt="68" len="1" x="216" y="60" wdth="2" heght="2"></ellipse>
<ellipse type="6" id="9" clor="65280" strt="69" len="1" x="216" y="59" wdth="3" heght="3"></ellipse>
<ellipse type="6" id="9" clor="65280" strt="70" len="1" x="216" y="60" wdth="2" heght="2"></ellipse>
<ellipse type="6" id="9" clor="65280" strt="71" len="1" x="216" y="58" wdth="3" heght="3"></ellipse>
<polygon type="5" id="9" clor="65280" strt="72" len="1" n="15">
<p>213,53</p>
<p>214,53</p>
<p>215,53</p>
<p>216,53</p>
<p>217,54</p>
<p>217,55</p>
<p>217,56</p>
<p>217,57</p>
<p>216,58</p>
<p>215,58</p>
<p>214,58</p>
<p>213,58</p>
<p>212,57</p>
<p>213,56</p>
<p>212,55</p>
</polygon>
<ellipse type="6" id="9" clor="65280" strt="73" len="1" x="215" y="54" wdth="2" heght="2"></ellipse>
<ellipse type="6" id="10" clor="65280" strt="8" len="1" x="57" y="116" wdth="5" heght="5"></ellipse>
<ellipse type="6" id="10" clor="65280" strt="9" len="1" x="55" y="115" wdth="3" heght="3"></ellipse>
<ellipse type="6" id="10" clor="65280" strt="10" len="1" x="55" y="115" wdth="4" heght="4"></ellipse>
<ellipse type="6" id="10" clor="65280" strt="11" len="1" x="54" y="114" wdth="3" heght="3"></ellipse>
<ellipse type="6" id="10" clor="65280" strt="12" len="1" x="55" y="115" wdth="4" heght="4"></ellipse>
<ellipse type="6" id="10" clor="65280" strt="13" len="1" x="52" y="113" wdth="2" heght="2"></ellipse>
<ellipse type="6" id="10" clor="65280" strt="14" len="1" x="51" y="111" wdth="3" heght="3"></ellipse>
<ellipse type="6" id="10" clor="65280" strt="15" len="1" x="50" y="109" wdth="3" heght="3"></ellipse>

</overlay>
