<?xml version="1.0"?>
<overlay>
<dimensions id="99" width="512" height="512" depth="24" channels="3"></dimensions>
<controls id="98" isPlayable="1" isPlaying="1" FPS="15" overlaid="1" magnifyable="1" mag_size="30"></controls>
<line type="1" id="97" clor="16777215" strt="0" len="24" x0="977" y0="1014" x1="1014" y1="1014"></line>
<text type="10" id="0" clor="16777215" strt="0" len="24" x="4" y="492">khc17/+; YG3/+</text>
<channel type="12" id="0" channel_no="1" strt="0" len="24" clor="16777215" x="4" y="4">a-Tubulin</channel>
<channel type="12" id="1" channel_no="2" strt="0" len="24" clor="16776960" x="64" y="4">oskar</channel>
<channel type="12" id="2" channel_no="3" strt="0" len="24" clor="65535" x="104" y="4">Klarsicht</channel>
</overlay>
