<?xml version="1.0"?>
<overlay>
<dimensions id="99" width="512" height="512" depth="24" channels="3" ext=".jpg" lateral_resolution="1.0" axial_resolution="1.0" unit="pixel"></dimensions>
<controls id="98" isPlayable="1" isPlaying="1" FPS="15" overlaid="1" magnifyable="1" mag_size="30" isResizeable="0"></controls>
<line type="1" id="97" clor="16777215" strt="0" len="25" x0="977" y0="1014" x1="1014" y1="1014"></line>
<text type="10" id="1" clor="16777215" strt="0" len="25" x="4" y="492">khc17/+; YG3/+
</text>
<channel type="12" id="2" clor="16777215" strt="0" len="25" x="4" y="4" channel_no="1">a-Tubulin
</channel>
<channel type="12" id="4" clor="16776960" strt="0" len="25" x="64" y="4" channel_no="2">oskar
</channel>
<channel type="12" id="6" clor="65535" strt="0" len="25" x="104" y="4" channel_no="3">Klarsicht
</channel>
<arrow type="2" id="5" clor="16645629" strt="0" len="24" x0="369" y0="442" x1="246" y1="298" head_size="20" double_head="0"></arrow>
<text type="10" id="6" clor="16645629" strt="0" len="24" x="348" y="439">oocyte
</text>
<arrow type="2" id="7" clor="16645629" strt="0" len="24" x0="150" y0="118" x1="195" y1="148" head_size="14" double_head="0"></arrow>
<arrow type="2" id="8" clor="16645629" strt="0" len="24" x0="141" y0="118" x1="141" y1="181" head_size="14" double_head="0"></arrow>
<text type="10" id="9" clor="16645629" strt="0" len="24" x="99" y="91">follicle cells
</text>
</overlay>
