<?xml version="1.0"?>
<overlay>
<dimensions id="99" width="512" height="512" depth="130" channels="2"></dimensions>
<controls id="98" isPlayable="1" isPlaying="1" FPS="45" overlaid="1" magnifyable="1" mag_size="30"></controls>
<time type="11" id="0" strt="0" len="130" x="2" y="15" unit="s" inc="12.84">0.0</time>
<channel type="12" id="1" clor="16711680" strt="0" len="130" x="4" y="490" channel_no="2">H2Av-mRFP
</channel>
<channel type="12" id="2" clor="4652800" strt="0" len="130" x="74" y="490" channel_no="1">GFP
</channel>
</overlay>
